Workbook

Sheet Transactions
A1: Date | B1: Ticker Symbol | C1: Stock Name | D1: Type | E1: Quantity | F1: Price per Share | G1: Total Amount | H1: Brokerage Fee | I1: Net Amount
A2: 45306 | B2: AAPL | C2: Apple Inc. | D2: BUY | E2: 10 | F2: 185.5 | G2: =IF(E2="","",E2*F2) | H2: 10 | I2: =IF(D2="","",IF(D2="BUY",G2+H2,G2-H2))
A3: 45332 | B3: MSFT | C3: Microsoft Corporation | D3: BUY | E3: 5 | F3: 405.2 | G3: =IF(E3="","",E3*F3) | H3: 8 | I3: =IF(D3="","",IF(D3="BUY",G3+H3,G3-H3))
A4: 45342 | B4: GOOGL | C4: Alphabet Inc. | D4: BUY | E4: 8 | F4: 142.3 | G4: =IF(E4="","",E4*F4) | H4: 10 | I4: =IF(D4="","",IF(D4="BUY",G4+H4,G4-H4))
A5: 45356 | B5: TSLA | C5: Tesla Inc. | D5: BUY | E5: 15 | F5: 178.9 | G5: =IF(E5="","",E5*F5) | H5: 12 | I5: =IF(D5="","",IF(D5="BUY",G5+H5,G5-H5))
A6: 45366 | B6: AAPL | C6: Apple Inc. | D6: BUY | E6: 5 | F6: 172.4 | G6: =IF(E6="","",E6*F6) | H6: 8 | I6: =IF(D6="","",IF(D6="BUY",G6+H6,G6-H6))
A7: 45383 | B7: NVDA | C7: NVIDIA Corporation | D7: BUY | E7: 12 | F7: 880.5 | G7: =IF(E7="","",E7*F7) | H7: 15 | I7: =IF(D7="","",IF(D7="BUY",G7+H7,G7-H7))
A8: 45402 | B8: TSLA | C8: Tesla Inc. | D8: SELL | E8: 5 | F8: 190.5 | G8: =IF(E8="","",E8*F8) | H8: 10 | I8: =IF(D8="","",IF(D8="BUY",G8+H8,G8-H8))
A9: 45422 | B9: META | C9: Meta Platforms Inc. | D9: BUY | E9: 6 | F9: 485.3 | G9: =IF(E9="","",E9*F9) | H9: 10 | I9: =IF(D9="","",IF(D9="BUY",G9+H9,G9-H9))
A10: 45427 | B10: AMZN | C10: Amazon.com Inc. | D10: BUY | E10: 7 | F10: 182.7 | G10: =IF(E10="","",E10*F10) | H10: 10 | I10: =IF(D10="","",IF(D10="BUY",G10+H10,G10-H10))
A11: 45437 | B11: AAPL | C11: Apple Inc. | D11: SELL | E11: 3 | F11: 192.3 | G11: =IF(E11="","",E11*F11) | H11: 8 | I11: =IF(D11="","",IF(D11="BUY",G11+H11,G11-H11))
G12: =IF(E12="","",E12*F12) | I12: =IF(D12="","",IF(D12="BUY",G12+H12,G12-H12))
G13: =IF(E13="","",E13*F13) | I13: =IF(D13="","",IF(D13="BUY",G13+H13,G13-H13))
G14: =IF(E14="","",E14*F14) | I14: =IF(D14="","",IF(D14="BUY",G14+H14,G14-H14))
G15: =IF(E15="","",E15*F15) | I15: =IF(D15="","",IF(D15="BUY",G15+H15,G15-H15))
G16: =IF(E16="","",E16*F16) | I16: =IF(D16="","",IF(D16="BUY",G16+H16,G16-H16))
G17: =IF(E17="","",E17*F17) | I17: =IF(D17="","",IF(D17="BUY",G17+H17,G17-H17))
G18: =IF(E18="","",E18*F18) | I18: =IF(D18="","",IF(D18="BUY",G18+H18,G18-H18))
G19: =IF(E19="","",E19*F19) | I19: =IF(D19="","",IF(D19="BUY",G19+H19,G19-H19))
G20: =IF(E20="","",E20*F20) | I20: =IF(D20="","",IF(D20="BUY",G20+H20,G20-H20))
G21: =IF(E21="","",E21*F21) | I21: =IF(D21="","",IF(D21="BUY",G21+H21,G21-H21))
G22: =IF(E22="","",E22*F22) | I22: =IF(D22="","",IF(D22="BUY",G22+H22,G22-H22))
G23: =IF(E23="","",E23*F23) | I23: =IF(D23="","",IF(D23="BUY",G23+H23,G23-H23))
... G101: =IF(E101="","",E101*F101) | I101: =IF(D101="","",IF(D101="BUY",G101+H101,G101-H101))

Sheet Portfolio
A1: Ticker | B1: Stock Name | C1: Total Bought | D1: Total Sold | E1: Current Holdings | F1: Avg Buy Price | G1: Total Invested | H1: Current Market Price | I1: Current Value | J1: Profit/Loss | K1: P/L %
A2: AAPL | B2: =IF(A2="","",IFERROR(INDEX(Transactions!C:C,MATCH(A2,Transactions!B:B,0)),"")) | C2: =IF(A2="","",SUMIFS(Transactions!E:E,Transactions!B:B,A2,Transactions!D:D,"BUY")) | D2: =IF(A2="","",SUMIFS(Transactions!E:E,Transactions!B:B,A2,Transactions!D:D,"SELL")) | E2: =IF(A2="","",C2-D2) | F2: =IF(C2=0,"",SUMIFS(Transactions!I:I,Transactions!B:B,A2,Transactions!D:D,"BUY")/C2) | G2: =IF(E2="","",E2*F2) | H2: 195.5 | I2: =IF(E2="","",IF(H2="","",E2*H2)) | J2: =IF(I2="","",I2-G2) | K2: =IF(G2=0,"",IF(J2="","",(J2/G2)*100))
A3: MSFT | B3: =IF(A3="","",IFERROR(INDEX(Transactions!C:C,MATCH(A3,Transactions!B:B,0)),"")) | C3: =IF(A3="","",SUMIFS(Transactions!E:E,Transactions!B:B,A3,Transactions!D:D,"BUY")) | D3: =IF(A3="","",SUMIFS(Transactions!E:E,Transactions!B:B,A3,Transactions!D:D,"SELL")) | E3: =IF(A3="","",C3-D3) | F3: =IF(C3=0,"",SUMIFS(Transactions!I:I,Transactions!B:B,A3,Transactions!D:D,"BUY")/C3) | G3: =IF(E3="","",E3*F3) | H3: 420.3 | I3: =IF(E3="","",IF(H3="","",E3*H3)) | J3: =IF(I3="","",I3-G3) | K3: =IF(G3=0,"",IF(J3="","",(J3/G3)*100))
A4: GOOGL | B4: =IF(A4="","",IFERROR(INDEX(Transactions!C:C,MATCH(A4,Transactions!B:B,0)),"")) | C4: =IF(A4="","",SUMIFS(Transactions!E:E,Transactions!B:B,A4,Transactions!D:D,"BUY")) | D4: =IF(A4="","",SUMIFS(Transactions!E:E,Transactions!B:B,A4,Transactions!D:D,"SELL")) | E4: =IF(A4="","",C4-D4) | F4: =IF(C4=0,"",SUMIFS(Transactions!I:I,Transactions!B:B,A4,Transactions!D:D,"BUY")/C4) | G4: =IF(E4="","",E4*F4) | H4: 148.9 | I4: =IF(E4="","",IF(H4="","",E4*H4)) | J4: =IF(I4="","",I4-G4) | K4: =IF(G4=0,"",IF(J4="","",(J4/G4)*100))
A5: TSLA | B5: =IF(A5="","",IFERROR(INDEX(Transactions!C:C,MATCH(A5,Transactions!B:B,0)),"")) | C5: =IF(A5="","",SUMIFS(Transactions!E:E,Transactions!B:B,A5,Transactions!D:D,"BUY")) | D5: =IF(A5="","",SUMIFS(Transactions!E:E,Transactions!B:B,A5,Transactions!D:D,"SELL")) | E5: =IF(A5="","",C5-D5) | F5: =IF(C5=0,"",SUMIFS(Transactions!I:I,Transactions!B:B,A5,Transactions!D:D,"BUY")/C5) | G5: =IF(E5="","",E5*F5) | H5: 185.2 | I5: =IF(E5="","",IF(H5="","",E5*H5)) | J5: =IF(I5="","",I5-G5) | K5: =IF(G5=0,"",IF(J5="","",(J5/G5)*100))
A6: NVDA | B6: =IF(A6="","",IFERROR(INDEX(Transactions!C:C,MATCH(A6,Transactions!B:B,0)),"")) | C6: =IF(A6="","",SUMIFS(Transactions!E:E,Transactions!B:B,A6,Transactions!D:D,"BUY")) | D6: =IF(A6="","",SUMIFS(Transactions!E:E,Transactions!B:B,A6,Transactions!D:D,"SELL")) | E6: =IF(A6="","",C6-D6) | F6: =IF(C6=0,"",SUMIFS(Transactions!I:I,Transactions!B:B,A6,Transactions!D:D,"BUY")/C6) | G6: =IF(E6="","",E6*F6) | H6: 920 | I6: =IF(E6="","",IF(H6="","",E6*H6)) | J6: =IF(I6="","",I6-G6) | K6: =IF(G6=0,"",IF(J6="","",(J6/G6)*100))
A7: META | B7: =IF(A7="","",IFERROR(INDEX(Transactions!C:C,MATCH(A7,Transactions!B:B,0)),"")) | C7: =IF(A7="","",SUMIFS(Transactions!E:E,Transactions!B:B,A7,Transactions!D:D,"BUY")) | D7: =IF(A7="","",SUMIFS(Transactions!E:E,Transactions!B:B,A7,Transactions!D:D,"SELL")) | E7: =IF(A7="","",C7-D7) | F7: =IF(C7=0,"",SUMIFS(Transactions!I:I,Transactions!B:B,A7,Transactions!D:D,"BUY")/C7) | G7: =IF(E7="","",E7*F7) | H7: 495.6 | I7: =IF(E7="","",IF(H7="","",E7*H7)) | J7: =IF(I7="","",I7-G7) | K7: =IF(G7=0,"",IF(J7="","",(J7/G7)*100))
A8: AMZN | B8: =IF(A8="","",IFERROR(INDEX(Transactions!C:C,MATCH(A8,Transactions!B:B,0)),"")) | C8: =IF(A8="","",SUMIFS(Transactions!E:E,Transactions!B:B,A8,Transactions!D:D,"BUY")) | D8: =IF(A8="","",SUMIFS(Transactions!E:E,Transactions!B:B,A8,Transactions!D:D,"SELL")) | E8: =IF(A8="","",C8-D8) | F8: =IF(C8=0,"",SUMIFS(Transactions!I:I,Transactions!B:B,A8,Transactions!D:D,"BUY")/C8) | G8: =IF(E8="","",E8*F8) | H8: 188.9 | I8: =IF(E8="","",IF(H8="","",E8*H8)) | J8: =IF(I8="","",I8-G8) | K8: =IF(G8=0,"",IF(J8="","",(J8/G8)*100))
B9: =IF(A9="","",IFERROR(INDEX(Transactions!C:C,MATCH(A9,Transactions!B:B,0)),"")) | C9: =IF(A9="","",SUMIFS(Transactions!E:E,Transactions!B:B,A9,Transactions!D:D,"BUY")) | D9: =IF(A9="","",SUMIFS(Transactions!E:E,Transactions!B:B,A9,Transactions!D:D,"SELL")) | E9: =IF(A9="","",C9-D9) | F9: =IF(C9=0,"",SUMIFS(Transactions!I:I,Transactions!B:B,A9,Transactions!D:D,"BUY")/C9) | G9: =IF(E9="","",E9*F9) | I9: =IF(E9="","",IF(H9="","",E9*H9)) | J9: =IF(I9="","",I9-G9) | K9: =IF(G9=0,"",IF(J9="","",(J9/G9)*100))
B10: =IF(A10="","",IFERROR(INDEX(Transactions!C:C,MATCH(A10,Transactions!B:B,0)),"")) | C10: =IF(A10="","",SUMIFS(Transactions!E:E,Transactions!B:B,A10,Transactions!D:D,"BUY")) | D10: =IF(A10="","",SUMIFS(Transactions!E:E,Transactions!B:B,A10,Transactions!D:D,"SELL")) | E10: =IF(A10="","",C10-D10) | F10: =IF(C10=0,"",SUMIFS(Transactions!I:I,Transactions!B:B,A10,Transactions!D:D,"BUY")/C10) | G10: =IF(E10="","",E10*F10) | I10: =IF(E10="","",IF(H10="","",E10*H10)) | J10: =IF(I10="","",I10-G10) | K10: =IF(G10=0,"",IF(J10="","",(J10/G10)*100))
B11: =IF(A11="","",IFERROR(INDEX(Transactions!C:C,MATCH(A11,Transactions!B:B,0)),"")) | C11: =IF(A11="","",SUMIFS(Transactions!E:E,Transactions!B:B,A11,Transactions!D:D,"BUY")) | D11: =IF(A11="","",SUMIFS(Transactions!E:E,Transactions!B:B,A11,Transactions!D:D,"SELL")) | E11: =IF(A11="","",C11-D11) | F11: =IF(C11=0,"",SUMIFS(Transactions!I:I,Transactions!B:B,A11,Transactions!D:D,"BUY")/C11) | G11: =IF(E11="","",E11*F11) | I11: =IF(E11="","",IF(H11="","",E11*H11)) | J11: =IF(I11="","",I11-G11) | K11: =IF(G11=0,"",IF(J11="","",(J11/G11)*100))
B12: =IF(A12="","",IFERROR(INDEX(Transactions!C:C,MATCH(A12,Transactions!B:B,0)),"")) | C12: =IF(A12="","",SUMIFS(Transactions!E:E,Transactions!B:B,A12,Transactions!D:D,"BUY")) | D12: =IF(A12="","",SUMIFS(Transactions!E:E,Transactions!B:B,A12,Transactions!D:D,"SELL")) | E12: =IF(A12="","",C12-D12) | F12: =IF(C12=0,"",SUMIFS(Transactions!I:I,Transactions!B:B,A12,Transactions!D:D,"BUY")/C12) | G12: =IF(E12="","",E12*F12) | I12: =IF(E12="","",IF(H12="","",E12*H12)) | J12: =IF(I12="","",I12-G12) | K12: =IF(G12=0,"",IF(J12="","",(J12/G12)*100))
B13: =IF(A13="","",IFERROR(INDEX(Transactions!C:C,MATCH(A13,Transactions!B:B,0)),"")) | C13: =IF(A13="","",SUMIFS(Transactions!E:E,Transactions!B:B,A13,Transactions!D:D,"BUY")) | D13: =IF(A13="","",SUMIFS(Transactions!E:E,Transactions!B:B,A13,Transactions!D:D,"SELL")) | E13: =IF(A13="","",C13-D13) | F13: =IF(C13=0,"",SUMIFS(Transactions!I:I,Transactions!B:B,A13,Transactions!D:D,"BUY")/C13) | G13: =IF(E13="","",E13*F13) | I13: =IF(E13="","",IF(H13="","",E13*H13)) | J13: =IF(I13="","",I13-G13) | K13: =IF(G13=0,"",IF(J13="","",(J13/G13)*100))
B14: =IF(A14="","",IFERROR(INDEX(Transactions!C:C,MATCH(A14,Transactions!B:B,0)),"")) | C14: =IF(A14="","",SUMIFS(Transactions!E:E,Transactions!B:B,A14,Transactions!D:D,"BUY")) | D14: =IF(A14="","",SUMIFS(Transactions!E:E,Transactions!B:B,A14,Transactions!D:D,"SELL")) | E14: =IF(A14="","",C14-D14) | F14: =IF(C14=0,"",SUMIFS(Transactions!I:I,Transactions!B:B,A14,Transactions!D:D,"BUY")/C14) | G14: =IF(E14="","",E14*F14) | I14: =IF(E14="","",IF(H14="","",E14*H14)) | J14: =IF(I14="","",I14-G14) | K14: =IF(G14=0,"",IF(J14="","",(J14/G14)*100))
B15: =IF(A15="","",IFERROR(INDEX(Transactions!C:C,MATCH(A15,Transactions!B:B,0)),"")) | C15: =IF(A15="","",SUMIFS(Transactions!E:E,Transactions!B:B,A15,Transactions!D:D,"BUY")) | D15: =IF(A15="","",SUMIFS(Transactions!E:E,Transactions!B:B,A15,Transactions!D:D,"SELL")) | E15: =IF(A15="","",C15-D15) | F15: =IF(C15=0,"",SUMIFS(Transactions!I:I,Transactions!B:B,A15,Transactions!D:D,"BUY")/C15) | G15: =IF(E15="","",E15*F15) | I15: =IF(E15="","",IF(H15="","",E15*H15)) | J15: =IF(I15="","",I15-G15) | K15: =IF(G15=0,"",IF(J15="","",(J15/G15)*100))
B16: =IF(A16="","",IFERROR(INDEX(Transactions!C:C,MATCH(A16,Transactions!B:B,0)),"")) | C16: =IF(A16="","",SUMIFS(Transactions!E:E,Transactions!B:B,A16,Transactions!D:D,"BUY")) | D16: =IF(A16="","",SUMIFS(Transactions!E:E,Transactions!B:B,A16,Transactions!D:D,"SELL")) | E16: =IF(A16="","",C16-D16) | F16: =IF(C16=0,"",SUMIFS(Transactions!I:I,Transactions!B:B,A16,Transactions!D:D,"BUY")/C16) | G16: =IF(E16="","",E16*F16) | I16: =IF(E16="","",IF(H16="","",E16*H16)) | J16: =IF(I16="","",I16-G16) | K16: =IF(G16=0,"",IF(J16="","",(J16/G16)*100))
B17: =IF(A17="","",IFERROR(INDEX(Transactions!C:C,MATCH(A17,Transactions!B:B,0)),"")) | C17: =IF(A17="","",SUMIFS(Transactions!E:E,Transactions!B:B,A17,Transactions!D:D,"BUY")) | D17: =IF(A17="","",SUMIFS(Transactions!E:E,Transactions!B:B,A17,Transactions!D:D,"SELL")) | E17: =IF(A17="","",C17-D17) | F17: =IF(C17=0,"",SUMIFS(Transactions!I:I,Transactions!B:B,A17,Transactions!D:D,"BUY")/C17) | G17: =IF(E17="","",E17*F17) | I17: =IF(E17="","",IF(H17="","",E17*H17)) | J17: =IF(I17="","",I17-G17) | K17: =IF(G17=0,"",IF(J17="","",(J17/G17)*100))
B18: =IF(A18="","",IFERROR(INDEX(Transactions!C:C,MATCH(A18,Transactions!B:B,0)),"")) | C18: =IF(A18="","",SUMIFS(Transactions!E:E,Transactions!B:B,A18,Transactions!D:D,"BUY")) | D18: =IF(A18="","",SUMIFS(Transactions!E:E,Transactions!B:B,A18,Transactions!D:D,"SELL")) | E18: =IF(A18="","",C18-D18) | F18: =IF(C18=0,"",SUMIFS(Transactions!I:I,Transactions!B:B,A18,Transactions!D:D,"BUY")/C18) | G18: =IF(E18="","",E18*F18) | I18: =IF(E18="","",IF(H18="","",E18*H18)) | J18: =IF(I18="","",I18-G18) | K18: =IF(G18=0,"",IF(J18="","",(J18/G18)*100))
B19: =IF(A19="","",IFERROR(INDEX(Transactions!C:C,MATCH(A19,Transactions!B:B,0)),"")) | C19: =IF(A19="","",SUMIFS(Transactions!E:E,Transactions!B:B,A19,Transactions!D:D,"BUY")) | D19: =IF(A19="","",SUMIFS(Transactions!E:E,Transactions!B:B,A19,Transactions!D:D,"SELL")) | E19: =IF(A19="","",C19-D19) | F19: =IF(C19=0,"",SUMIFS(Transactions!I:I,Transactions!B:B,A19,Transactions!D:D,"BUY")/C19) | G19: =IF(E19="","",E19*F19) | I19: =IF(E19="","",IF(H19="","",E19*H19)) | J19: =IF(I19="","",I19-G19) | K19: =IF(G19=0,"",IF(J19="","",(J19/G19)*100))
B20: =IF(A20="","",IFERROR(INDEX(Transactions!C:C,MATCH(A20,Transactions!B:B,0)),"")) | C20: =IF(A20="","",SUMIFS(Transactions!E:E,Transactions!B:B,A20,Transactions!D:D,"BUY")) | D20: =IF(A20="","",SUMIFS(Transactions!E:E,Transactions!B:B,A20,Transactions!D:D,"SELL")) | E20: =IF(A20="","",C20-D20) | F20: =IF(C20=0,"",SUMIFS(Transactions!I:I,Transactions!B:B,A20,Transactions!D:D,"BUY")/C20) | G20: =IF(E20="","",E20*F20) | I20: =IF(E20="","",IF(H20="","",E20*H20)) | J20: =IF(I20="","",I20-G20) | K20: =IF(G20=0,"",IF(J20="","",(J20/G20)*100))
... B51: =IF(A51="","",IFERROR(INDEX(Transactions!C:C,MATCH(A51,Transactions!B:B,0)),"")) | C51: =IF(A51="","",SUMIFS(Transactions!E:E,Transactions!B:B,A51,Transactions!D:D,"BUY")) | D51: =IF(A51="","",SUMIFS(Transactions!E:E,Transactions!B:B,A51,Transactions!D:D,"SELL")) | E51: =IF(A51="","",C51-D51) | F51: =IF(C51=0,"",SUMIFS(Transactions!I:I,Transactions!B:B,A51,Transactions!D:D,"BUY")/C51) | G51: =IF(E51="","",E51*F51) | I51: =IF(E51="","",IF(H51="","",E51*H51)) | J51: =IF(I51="","",I51-G51) | K51: =IF(G51=0,"",IF(J51="","",(J51/G51)*100))

Sheet Dashboard
A1: SHARES TRADING DASHBOARD
A3: KEY METRICS | D3: TOP PERFORMERS
D4: Ticker | E4: Stock Name | F4: Holdings | G4: P/L $
A5: Total Investment | B5: =SUM(Portfolio!G:G) | D5: Note: Manually copy top
A6: Current Portfolio Value | B6: =SUM(Portfolio!I:I) | D6: stocks from Portfolio sheet
A7: Total Profit/Loss | B7: =B6-B5
A8: Total P/L % | B8: =IF(B5=0,0,(B7/B5)*100)
A9: Number of Active Stocks | B9: =COUNTIF(Portfolio!E:E,">0")
A10: Total Transactions | B10: =COUNTA(Transactions!A:A)-1
A12: RECENT TRANSACTIONS (Last 10)
A13: Date | B13: Ticker | C13: Stock Name | D13: Type | E13: Quantity | F13: Price | G13: Net Amount
A14: =IF(Transactions!A2="","",Transactions!A2) | B14: =IF(Transactions!B2="","",Transactions!B2) | C14: =IF(Transactions!C2="","",Transactions!C2) | D14: =IF(Transactions!D2="","",Transactions!D2) | E14: =IF(Transactions!E2="","",Transactions!E2) | F14: =IF(Transactions!F2="","",Transactions!F2) | G14: =IF(Transactions!I2="","",Transactions!I2)
A15: =IF(Transactions!A3="","",Transactions!A3) | B15: =IF(Transactions!B3="","",Transactions!B3) | C15: =IF(Transactions!C3="","",Transactions!C3) | D15: =IF(Transactions!D3="","",Transactions!D3) | E15: =IF(Transactions!E3="","",Transactions!E3) | F15: =IF(Transactions!F3="","",Transactions!F3) | G15: =IF(Transactions!I3="","",Transactions!I3)
A16: =IF(Transactions!A4="","",Transactions!A4) | B16: =IF(Transactions!B4="","",Transactions!B4) | C16: =IF(Transactions!C4="","",Transactions!C4) | D16: =IF(Transactions!D4="","",Transactions!D4) | E16: =IF(Transactions!E4="","",Transactions!E4) | F16: =IF(Transactions!F4="","",Transactions!F4) | G16: =IF(Transactions!I4="","",Transactions!I4)
A17: =IF(Transactions!A5="","",Transactions!A5) | B17: =IF(Transactions!B5="","",Transactions!B5) | C17: =IF(Transactions!C5="","",Transactions!C5) | D17: =IF(Transactions!D5="","",Transactions!D5) | E17: =IF(Transactions!E5="","",Transactions!E5) | F17: =IF(Transactions!F5="","",Transactions!F5) | G17: =IF(Transactions!I5="","",Transactions!I5)
A18: =IF(Transactions!A6="","",Transactions!A6) | B18: =IF(Transactions!B6="","",Transactions!B6) | C18: =IF(Transactions!C6="","",Transactions!C6) | D18: =IF(Transactions!D6="","",Transactions!D6) | E18: =IF(Transactions!E6="","",Transactions!E6) | F18: =IF(Transactions!F6="","",Transactions!F6) | G18: =IF(Transactions!I6="","",Transactions!I6)
A19: =IF(Transactions!A7="","",Transactions!A7) | B19: =IF(Transactions!B7="","",Transactions!B7) | C19: =IF(Transactions!C7="","",Transactions!C7) | D19: =IF(Transactions!D7="","",Transactions!D7) | E19: =IF(Transactions!E7="","",Transactions!E7) | F19: =IF(Transactions!F7="","",Transactions!F7) | G19: =IF(Transactions!I7="","",Transactions!I7)
A20: =IF(Transactions!A8="","",Transactions!A8) | B20: =IF(Transactions!B8="","",Transactions!B8) | C20: =IF(Transactions!C8="","",Transactions!C8) | D20: =IF(Transactions!D8="","",Transactions!D8) | E20: =IF(Transactions!E8="","",Transactions!E8) | F20: =IF(Transactions!F8="","",Transactions!F8) | G20: =IF(Transactions!I8="","",Transactions!I8)
A21: =IF(Transactions!A9="","",Transactions!A9) | B21: =IF(Transactions!B9="","",Transactions!B9) | C21: =IF(Transactions!C9="","",Transactions!C9) | D21: =IF(Transactions!D9="","",Transactions!D9) | E21: =IF(Transactions!E9="","",Transactions!E9) | F21: =IF(Transactions!F9="","",Transactions!F9) | G21: =IF(Transactions!I9="","",Transactions!I9)
A22: =IF(Transactions!A10="","",Transactions!A10) | B22: =IF(Transactions!B10="","",Transactions!B10) | C22: =IF(Transactions!C10="","",Transactions!C10) | D22: =IF(Transactions!D10="","",Transactions!D10) | E22: =IF(Transactions!E10="","",Transactions!E10) | F22: =IF(Transactions!F10="","",Transactions!F10) | G22: =IF(Transactions!I10="","",Transactions!I10)
A23: =IF(Transactions!A11="","",Transactions!A11) | B23: =IF(Transactions!B11="","",Transactions!B11) | C23: =IF(Transactions!C11="","",Transactions!C11) | D23: =IF(Transactions!D11="","",Transactions!D11) | E23: =IF(Transactions!E11="","",Transactions!E11) | F23: =IF(Transactions!F11="","",Transactions!F11) | G23: =IF(Transactions!I11="","",Transactions!I11)

Sheet Settings
A1: SETTINGS & REFERENCE DATA
A3: Stock Reference Table | F3: INSTRUCTIONS
A4: Ticker Symbol | B4: Full Stock Name | C4: Sector | D4: Notes | F4: 1. Enter all buy/sell transactions in the 'Transactions' sheet
A5: AAPL | B5: Apple Inc. | C5: Technology | F5: 2. In the 'Portfolio' sheet, manually enter ticker symbols in column A
A6: MSFT | B6: Microsoft Corporation | C6: Technology | F6: 3. All calculations will update automatically
A7: GOOGL | B7: Alphabet Inc. | C7: Technology | F7: 4. Update 'Current Market Price' in Portfolio sheet regularly
A8: TSLA | B8: Tesla Inc. | C8: Automotive | F8: 5. View summary metrics in the 'Dashboard' sheet
A9: AMZN | B9: Amazon.com Inc. | C9: E-Commerce
A10: NVDA | B10: NVIDIA Corporation | C10: Technology | F10: Tips:
A11: META | B11: Meta Platforms Inc. | C11: Technology | F11: - Use consistent ticker symbols across all sheets
F12: - Brokerage fees can be 0 if not applicable
F13: - Dashboard shows real-time portfolio status
F14: - Export data regularly for backup
