Workbook

Sheet Dashboard
A1: STOCK PORTFOLIO TRACKER - FIFO METHOD
A3: Total Invested Value | B3: Current Portfolio Value | C3: Total Realized Profit | D3: Total Unrealized Profit | E3: Overall P&L | F3: Return %
A4: =SUMIFS(Holdings!D:D,Holdings!B:B,">0") | B4: =SUM(Holdings!F:F) | C4: =SUMIFS(Transactions!G:G,Transactions!C:C,"Sell")-SUMIF(FIFO_Buy_Table!H:H,">0",FIFO_Buy_Table!H:H)*SUMIF(FIFO_Buy_Table!H:H,">0",FIFO_Buy_Table!D:D) | D4: =SUM(Holdings!G:G) | E4: =C4+D4 | F4: =IF(A4=0,"",E4/A4)
A7: CURRENT HOLDINGS SUMMARY
A9: =Holdings!A1 | B9: =Holdings!B1 | C9: =Holdings!C1 | D9: =Holdings!D1 | E9: =Holdings!E1 | F9: =Holdings!F1
A10: =IFERROR(Holdings!A2,"") | B10: =IFERROR(Holdings!B2,"") | C10: =IFERROR(Holdings!C2,"") | D10: =IFERROR(Holdings!D2,"") | E10: =IFERROR(Holdings!E2,"") | F10: =IFERROR(Holdings!F2,"")
A11: =IFERROR(Holdings!A3,"") | B11: =IFERROR(Holdings!B3,"") | C11: =IFERROR(Holdings!C3,"") | D11: =IFERROR(Holdings!D3,"") | E11: =IFERROR(Holdings!E3,"") | F11: =IFERROR(Holdings!F3,"")
A12: =IFERROR(Holdings!A4,"") | B12: =IFERROR(Holdings!B4,"") | C12: =IFERROR(Holdings!C4,"") | D12: =IFERROR(Holdings!D4,"") | E12: =IFERROR(Holdings!E4,"") | F12: =IFERROR(Holdings!F4,"")
A13: =IFERROR(Holdings!A5,"") | B13: =IFERROR(Holdings!B5,"") | C13: =IFERROR(Holdings!C5,"") | D13: =IFERROR(Holdings!D5,"") | E13: =IFERROR(Holdings!E5,"") | F13: =IFERROR(Holdings!F5,"")
A14: =IFERROR(Holdings!A6,"") | B14: =IFERROR(Holdings!B6,"") | C14: =IFERROR(Holdings!C6,"") | D14: =IFERROR(Holdings!D6,"") | E14: =IFERROR(Holdings!E6,"") | F14: =IFERROR(Holdings!F6,"")
A15: =IFERROR(Holdings!A7,"") | B15: =IFERROR(Holdings!B7,"") | C15: =IFERROR(Holdings!C7,"") | D15: =IFERROR(Holdings!D7,"") | E15: =IFERROR(Holdings!E7,"") | F15: =IFERROR(Holdings!F7,"")
A16: =IFERROR(Holdings!A8,"") | B16: =IFERROR(Holdings!B8,"") | C16: =IFERROR(Holdings!C8,"") | D16: =IFERROR(Holdings!D8,"") | E16: =IFERROR(Holdings!E8,"") | F16: =IFERROR(Holdings!F8,"")
A17: =IFERROR(Holdings!A9,"") | B17: =IFERROR(Holdings!B9,"") | C17: =IFERROR(Holdings!C9,"") | D17: =IFERROR(Holdings!D9,"") | E17: =IFERROR(Holdings!E9,"") | F17: =IFERROR(Holdings!F9,"")
A18: =IFERROR(Holdings!A10,"") | B18: =IFERROR(Holdings!B10,"") | C18: =IFERROR(Holdings!C10,"") | D18: =IFERROR(Holdings!D10,"") | E18: =IFERROR(Holdings!E10,"") | F18: =IFERROR(Holdings!F10,"")
A19: =IFERROR(Holdings!A11,"") | B19: =IFERROR(Holdings!B11,"") | C19: =IFERROR(Holdings!C11,"") | D19: =IFERROR(Holdings!D11,"") | E19: =IFERROR(Holdings!E11,"") | F19: =IFERROR(Holdings!F11,"")
A20: =IFERROR(Holdings!A12,"") | B20: =IFERROR(Holdings!B12,"") | C20: =IFERROR(Holdings!C12,"") | D20: =IFERROR(Holdings!D12,"") | E20: =IFERROR(Holdings!E12,"") | F20: =IFERROR(Holdings!F12,"")
A21: =IFERROR(Holdings!A13,"") | B21: =IFERROR(Holdings!B13,"") | C21: =IFERROR(Holdings!C13,"") | D21: =IFERROR(Holdings!D13,"") | E21: =IFERROR(Holdings!E13,"") | F21: =IFERROR(Holdings!F13,"")
... A29: =IFERROR(Holdings!A21,"") | B29: =IFERROR(Holdings!B21,"") | C29: =IFERROR(Holdings!C21,"") | D29: =IFERROR(Holdings!D21,"") | E29: =IFERROR(Holdings!E21,"") | F29: =IFERROR(Holdings!F21,"")

Sheet Transactions
A1: Date | B1: Stock Name | C1: Transaction Type | D1: Quantity | E1: Price per Share | F1: Brokerage/STT | G1: Total Amount
G2: =IF(AND(D2<>"",E2<>""),D2*E2+IF(ISBLANK(F2),0,F2),"")
G3: =IF(AND(D3<>"",E3<>""),D3*E3+IF(ISBLANK(F3),0,F3),"")
G4: =IF(AND(D4<>"",E4<>""),D4*E4+IF(ISBLANK(F4),0,F4),"")
G5: =IF(AND(D5<>"",E5<>""),D5*E5+IF(ISBLANK(F5),0,F5),"")
G6: =IF(AND(D6<>"",E6<>""),D6*E6+IF(ISBLANK(F6),0,F6),"")
G7: =IF(AND(D7<>"",E7<>""),D7*E7+IF(ISBLANK(F7),0,F7),"")
G8: =IF(AND(D8<>"",E8<>""),D8*E8+IF(ISBLANK(F8),0,F8),"")
G9: =IF(AND(D9<>"",E9<>""),D9*E9+IF(ISBLANK(F9),0,F9),"")
G10: =IF(AND(D10<>"",E10<>""),D10*E10+IF(ISBLANK(F10),0,F10),"")
G11: =IF(AND(D11<>"",E11<>""),D11*E11+IF(ISBLANK(F11),0,F11),"")
G12: =IF(AND(D12<>"",E12<>""),D12*E12+IF(ISBLANK(F12),0,F12),"")
G13: =IF(AND(D13<>"",E13<>""),D13*E13+IF(ISBLANK(F13),0,F13),"")
... G1000: =IF(AND(D1000<>"",E1000<>""),D1000*E1000+IF(ISBLANK(F1000),0,F1000),"")

Sheet FIFO_Buy_Table
A1: Stock Name | B1: Buy Date | C1: Buy Qty | D1: Buy Price | E1: Total Value | F1: Cumulative Buy Qty | G1: Total Sold Qty | H1: Sold from this Lot | I1: Remaining Qty | J1: Remaining Value | L1: FIFO Engine - Auto-populated from Buy transactions
A2: =IFERROR(INDEX(SORT(FILTER(Transactions!$B:$B,(Transactions!$C:$C="Buy")*(Transactions!$B:$B<>"")),1,1),1),"") | B2: =IF(A2="","",INDEX(SORT(FILTER(Transactions!$A:$G,(Transactions!$C:$C="Buy")*(Transactions!$B:$B<>"")),2,1),1,1)) | C2: =IF(A2="","",INDEX(SORT(FILTER(Transactions!$A:$G,(Transactions!$C:$C="Buy")*(Transactions!$B:$B<>"")),2,1),1,4)) | D2: =IF(A2="","",INDEX(SORT(FILTER(Transactions!$A:$G,(Transactions!$C:$C="Buy")*(Transactions!$B:$B<>"")),2,1),1,5)) | E2: =IF(C2="","",C2*D2) | F2: =IF(A2="","",SUMIFS(C$2:C2,A$2:A2,A2,B$2:B2,"<="&B2)) | G2: =IF(A2="","",SUMIFS(Transactions!$D:$D,Transactions!$B:$B,A2,Transactions!$C:$C,"Sell")) | H2: =IF(A2="","",MAX(0,MIN(C2,G2-SUM(H$2:H1)))) | I2: =IF(C2="","",C2-H2) | J2: =IF(I2="","",I2*D2) | L2: This sheet automatically tracks which buy lots have been sold using FIFO method.
A3: =IFERROR(INDEX(SORT(FILTER(Transactions!$B:$B,(Transactions!$C:$C="Buy")*(Transactions!$B:$B<>"")),1,1),2),"") | B3: =IF(A3="","",INDEX(SORT(FILTER(Transactions!$A:$G,(Transactions!$C:$C="Buy")*(Transactions!$B:$B<>"")),2,1),2,1)) | C3: =IF(A3="","",INDEX(SORT(FILTER(Transactions!$A:$G,(Transactions!$C:$C="Buy")*(Transactions!$B:$B<>"")),2,1),2,4)) | D3: =IF(A3="","",INDEX(SORT(FILTER(Transactions!$A:$G,(Transactions!$C:$C="Buy")*(Transactions!$B:$B<>"")),2,1),2,5)) | E3: =IF(C3="","",C3*D3) | F3: =IF(A3="","",SUMIFS(C$2:C3,A$2:A3,A3,B$2:B3,"<="&B3)) | G3: =IF(A3="","",SUMIFS(Transactions!$D:$D,Transactions!$B:$B,A3,Transactions!$C:$C,"Sell")) | H3: =IF(A3="","",MAX(0,MIN(C3,G3-SUM(H$2:H2)))) | I3: =IF(C3="","",C3-H3) | J3: =IF(I3="","",I3*D3)
A4: =IFERROR(INDEX(SORT(FILTER(Transactions!$B:$B,(Transactions!$C:$C="Buy")*(Transactions!$B:$B<>"")),1,1),3),"") | B4: =IF(A4="","",INDEX(SORT(FILTER(Transactions!$A:$G,(Transactions!$C:$C="Buy")*(Transactions!$B:$B<>"")),2,1),3,1)) | C4: =IF(A4="","",INDEX(SORT(FILTER(Transactions!$A:$G,(Transactions!$C:$C="Buy")*(Transactions!$B:$B<>"")),2,1),3,4)) | D4: =IF(A4="","",INDEX(SORT(FILTER(Transactions!$A:$G,(Transactions!$C:$C="Buy")*(Transactions!$B:$B<>"")),2,1),3,5)) | E4: =IF(C4="","",C4*D4) | F4: =IF(A4="","",SUMIFS(C$2:C4,A$2:A4,A4,B$2:B4,"<="&B4)) | G4: =IF(A4="","",SUMIFS(Transactions!$D:$D,Transactions!$B:$B,A4,Transactions!$C:$C,"Sell")) | H4: =IF(A4="","",MAX(0,MIN(C4,G4-SUM(H$2:H3)))) | I4: =IF(C4="","",C4-H4) | J4: =IF(I4="","",I4*D4) | L4: How FIFO works here:
A5: =IFERROR(INDEX(SORT(FILTER(Transactions!$B:$B,(Transactions!$C:$C="Buy")*(Transactions!$B:$B<>"")),1,1),4),"") | B5: =IF(A5="","",INDEX(SORT(FILTER(Transactions!$A:$G,(Transactions!$C:$C="Buy")*(Transactions!$B:$B<>"")),2,1),4,1)) | C5: =IF(A5="","",INDEX(SORT(FILTER(Transactions!$A:$G,(Transactions!$C:$C="Buy")*(Transactions!$B:$B<>"")),2,1),4,4)) | D5: =IF(A5="","",INDEX(SORT(FILTER(Transactions!$A:$G,(Transactions!$C:$C="Buy")*(Transactions!$B:$B<>"")),2,1),4,5)) | E5: =IF(C5="","",C5*D5) | F5: =IF(A5="","",SUMIFS(C$2:C5,A$2:A5,A5,B$2:B5,"<="&B5)) | G5: =IF(A5="","",SUMIFS(Transactions!$D:$D,Transactions!$B:$B,A5,Transactions!$C:$C,"Sell")) | H5: =IF(A5="","",MAX(0,MIN(C5,G5-SUM(H$2:H4)))) | I5: =IF(C5="","",C5-H5) | J5: =IF(I5="","",I5*D5) | L5: 1. All Buy transactions are sorted by date
A6: =IFERROR(INDEX(SORT(FILTER(Transactions!$B:$B,(Transactions!$C:$C="Buy")*(Transactions!$B:$B<>"")),1,1),5),"") | B6: =IF(A6="","",INDEX(SORT(FILTER(Transactions!$A:$G,(Transactions!$C:$C="Buy")*(Transactions!$B:$B<>"")),2,1),5,1)) | C6: =IF(A6="","",INDEX(SORT(FILTER(Transactions!$A:$G,(Transactions!$C:$C="Buy")*(Transactions!$B:$B<>"")),2,1),5,4)) | D6: =IF(A6="","",INDEX(SORT(FILTER(Transactions!$A:$G,(Transactions!$C:$C="Buy")*(Transactions!$B:$B<>"")),2,1),5,5)) | E6: =IF(C6="","",C6*D6) | F6: =IF(A6="","",SUMIFS(C$2:C6,A$2:A6,A6,B$2:B6,"<="&B6)) | G6: =IF(A6="","",SUMIFS(Transactions!$D:$D,Transactions!$B:$B,A6,Transactions!$C:$C,"Sell")) | H6: =IF(A6="","",MAX(0,MIN(C6,G6-SUM(H$2:H5)))) | I6: =IF(C6="","",C6-H6) | J6: =IF(I6="","",I6*D6) | L6: 2. Sell transactions consume from oldest lots first
A7: =IFERROR(INDEX(SORT(FILTER(Transactions!$B:$B,(Transactions!$C:$C="Buy")*(Transactions!$B:$B<>"")),1,1),6),"") | B7: =IF(A7="","",INDEX(SORT(FILTER(Transactions!$A:$G,(Transactions!$C:$C="Buy")*(Transactions!$B:$B<>"")),2,1),6,1)) | C7: =IF(A7="","",INDEX(SORT(FILTER(Transactions!$A:$G,(Transactions!$C:$C="Buy")*(Transactions!$B:$B<>"")),2,1),6,4)) | D7: =IF(A7="","",INDEX(SORT(FILTER(Transactions!$A:$G,(Transactions!$C:$C="Buy")*(Transactions!$B:$B<>"")),2,1),6,5)) | E7: =IF(C7="","",C7*D7) | F7: =IF(A7="","",SUMIFS(C$2:C7,A$2:A7,A7,B$2:B7,"<="&B7)) | G7: =IF(A7="","",SUMIFS(Transactions!$D:$D,Transactions!$B:$B,A7,Transactions!$C:$C,"Sell")) | H7: =IF(A7="","",MAX(0,MIN(C7,G7-SUM(H$2:H6)))) | I7: =IF(C7="","",C7-H7) | J7: =IF(I7="","",I7*D7) | L7: 3. Remaining Qty shows unsold shares from each lot
A8: =IFERROR(INDEX(SORT(FILTER(Transactions!$B:$B,(Transactions!$C:$C="Buy")*(Transactions!$B:$B<>"")),1,1),7),"") | B8: =IF(A8="","",INDEX(SORT(FILTER(Transactions!$A:$G,(Transactions!$C:$C="Buy")*(Transactions!$B:$B<>"")),2,1),7,1)) | C8: =IF(A8="","",INDEX(SORT(FILTER(Transactions!$A:$G,(Transactions!$C:$C="Buy")*(Transactions!$B:$B<>"")),2,1),7,4)) | D8: =IF(A8="","",INDEX(SORT(FILTER(Transactions!$A:$G,(Transactions!$C:$C="Buy")*(Transactions!$B:$B<>"")),2,1),7,5)) | E8: =IF(C8="","",C8*D8) | F8: =IF(A8="","",SUMIFS(C$2:C8,A$2:A8,A8,B$2:B8,"<="&B8)) | G8: =IF(A8="","",SUMIFS(Transactions!$D:$D,Transactions!$B:$B,A8,Transactions!$C:$C,"Sell")) | H8: =IF(A8="","",MAX(0,MIN(C8,G8-SUM(H$2:H7)))) | I8: =IF(C8="","",C8-H8) | J8: =IF(I8="","",I8*D8) | L8: 4. Remaining Value = Remaining Qty × Original Buy Price
A9: =IFERROR(INDEX(SORT(FILTER(Transactions!$B:$B,(Transactions!$C:$C="Buy")*(Transactions!$B:$B<>"")),1,1),8),"") | B9: =IF(A9="","",INDEX(SORT(FILTER(Transactions!$A:$G,(Transactions!$C:$C="Buy")*(Transactions!$B:$B<>"")),2,1),8,1)) | C9: =IF(A9="","",INDEX(SORT(FILTER(Transactions!$A:$G,(Transactions!$C:$C="Buy")*(Transactions!$B:$B<>"")),2,1),8,4)) | D9: =IF(A9="","",INDEX(SORT(FILTER(Transactions!$A:$G,(Transactions!$C:$C="Buy")*(Transactions!$B:$B<>"")),2,1),8,5)) | E9: =IF(C9="","",C9*D9) | F9: =IF(A9="","",SUMIFS(C$2:C9,A$2:A9,A9,B$2:B9,"<="&B9)) | G9: =IF(A9="","",SUMIFS(Transactions!$D:$D,Transactions!$B:$B,A9,Transactions!$C:$C,"Sell")) | H9: =IF(A9="","",MAX(0,MIN(C9,G9-SUM(H$2:H8)))) | I9: =IF(C9="","",C9-H9) | J9: =IF(I9="","",I9*D9)
A10: =IFERROR(INDEX(SORT(FILTER(Transactions!$B:$B,(Transactions!$C:$C="Buy")*(Transactions!$B:$B<>"")),1,1),9),"") | B10: =IF(A10="","",INDEX(SORT(FILTER(Transactions!$A:$G,(Transactions!$C:$C="Buy")*(Transactions!$B:$B<>"")),2,1),9,1)) | C10: =IF(A10="","",INDEX(SORT(FILTER(Transactions!$A:$G,(Transactions!$C:$C="Buy")*(Transactions!$B:$B<>"")),2,1),9,4)) | D10: =IF(A10="","",INDEX(SORT(FILTER(Transactions!$A:$G,(Transactions!$C:$C="Buy")*(Transactions!$B:$B<>"")),2,1),9,5)) | E10: =IF(C10="","",C10*D10) | F10: =IF(A10="","",SUMIFS(C$2:C10,A$2:A10,A10,B$2:B10,"<="&B10)) | G10: =IF(A10="","",SUMIFS(Transactions!$D:$D,Transactions!$B:$B,A10,Transactions!$C:$C,"Sell")) | H10: =IF(A10="","",MAX(0,MIN(C10,G10-SUM(H$2:H9)))) | I10: =IF(C10="","",C10-H10) | J10: =IF(I10="","",I10*D10)
A11: =IFERROR(INDEX(SORT(FILTER(Transactions!$B:$B,(Transactions!$C:$C="Buy")*(Transactions!$B:$B<>"")),1,1),10),"") | B11: =IF(A11="","",INDEX(SORT(FILTER(Transactions!$A:$G,(Transactions!$C:$C="Buy")*(Transactions!$B:$B<>"")),2,1),10,1)) | C11: =IF(A11="","",INDEX(SORT(FILTER(Transactions!$A:$G,(Transactions!$C:$C="Buy")*(Transactions!$B:$B<>"")),2,1),10,4)) | D11: =IF(A11="","",INDEX(SORT(FILTER(Transactions!$A:$G,(Transactions!$C:$C="Buy")*(Transactions!$B:$B<>"")),2,1),10,5)) | E11: =IF(C11="","",C11*D11) | F11: =IF(A11="","",SUMIFS(C$2:C11,A$2:A11,A11,B$2:B11,"<="&B11)) | G11: =IF(A11="","",SUMIFS(Transactions!$D:$D,Transactions!$B:$B,A11,Transactions!$C:$C,"Sell")) | H11: =IF(A11="","",MAX(0,MIN(C11,G11-SUM(H$2:H10)))) | I11: =IF(C11="","",C11-H11) | J11: =IF(I11="","",I11*D11)
A12: =IFERROR(INDEX(SORT(FILTER(Transactions!$B:$B,(Transactions!$C:$C="Buy")*(Transactions!$B:$B<>"")),1,1),11),"") | B12: =IF(A12="","",INDEX(SORT(FILTER(Transactions!$A:$G,(Transactions!$C:$C="Buy")*(Transactions!$B:$B<>"")),2,1),11,1)) | C12: =IF(A12="","",INDEX(SORT(FILTER(Transactions!$A:$G,(Transactions!$C:$C="Buy")*(Transactions!$B:$B<>"")),2,1),11,4)) | D12: =IF(A12="","",INDEX(SORT(FILTER(Transactions!$A:$G,(Transactions!$C:$C="Buy")*(Transactions!$B:$B<>"")),2,1),11,5)) | E12: =IF(C12="","",C12*D12) | F12: =IF(A12="","",SUMIFS(C$2:C12,A$2:A12,A12,B$2:B12,"<="&B12)) | G12: =IF(A12="","",SUMIFS(Transactions!$D:$D,Transactions!$B:$B,A12,Transactions!$C:$C,"Sell")) | H12: =IF(A12="","",MAX(0,MIN(C12,G12-SUM(H$2:H11)))) | I12: =IF(C12="","",C12-H12) | J12: =IF(I12="","",I12*D12)
A13: =IFERROR(INDEX(SORT(FILTER(Transactions!$B:$B,(Transactions!$C:$C="Buy")*(Transactions!$B:$B<>"")),1,1),12),"") | B13: =IF(A13="","",INDEX(SORT(FILTER(Transactions!$A:$G,(Transactions!$C:$C="Buy")*(Transactions!$B:$B<>"")),2,1),12,1)) | C13: =IF(A13="","",INDEX(SORT(FILTER(Transactions!$A:$G,(Transactions!$C:$C="Buy")*(Transactions!$B:$B<>"")),2,1),12,4)) | D13: =IF(A13="","",INDEX(SORT(FILTER(Transactions!$A:$G,(Transactions!$C:$C="Buy")*(Transactions!$B:$B<>"")),2,1),12,5)) | E13: =IF(C13="","",C13*D13) | F13: =IF(A13="","",SUMIFS(C$2:C13,A$2:A13,A13,B$2:B13,"<="&B13)) | G13: =IF(A13="","",SUMIFS(Transactions!$D:$D,Transactions!$B:$B,A13,Transactions!$C:$C,"Sell")) | H13: =IF(A13="","",MAX(0,MIN(C13,G13-SUM(H$2:H12)))) | I13: =IF(C13="","",C13-H13) | J13: =IF(I13="","",I13*D13)
A14: =IFERROR(INDEX(SORT(FILTER(Transactions!$B:$B,(Transactions!$C:$C="Buy")*(Transactions!$B:$B<>"")),1,1),13),"") | B14: =IF(A14="","",INDEX(SORT(FILTER(Transactions!$A:$G,(Transactions!$C:$C="Buy")*(Transactions!$B:$B<>"")),2,1),13,1)) | C14: =IF(A14="","",INDEX(SORT(FILTER(Transactions!$A:$G,(Transactions!$C:$C="Buy")*(Transactions!$B:$B<>"")),2,1),13,4)) | D14: =IF(A14="","",INDEX(SORT(FILTER(Transactions!$A:$G,(Transactions!$C:$C="Buy")*(Transactions!$B:$B<>"")),2,1),13,5)) | E14: =IF(C14="","",C14*D14) | F14: =IF(A14="","",SUMIFS(C$2:C14,A$2:A14,A14,B$2:B14,"<="&B14)) | G14: =IF(A14="","",SUMIFS(Transactions!$D:$D,Transactions!$B:$B,A14,Transactions!$C:$C,"Sell")) | H14: =IF(A14="","",MAX(0,MIN(C14,G14-SUM(H$2:H13)))) | I14: =IF(C14="","",C14-H14) | J14: =IF(I14="","",I14*D14)
A15: =IFERROR(INDEX(SORT(FILTER(Transactions!$B:$B,(Transactions!$C:$C="Buy")*(Transactions!$B:$B<>"")),1,1),14),"") | B15: =IF(A15="","",INDEX(SORT(FILTER(Transactions!$A:$G,(Transactions!$C:$C="Buy")*(Transactions!$B:$B<>"")),2,1),14,1)) | C15: =IF(A15="","",INDEX(SORT(FILTER(Transactions!$A:$G,(Transactions!$C:$C="Buy")*(Transactions!$B:$B<>"")),2,1),14,4)) | D15: =IF(A15="","",INDEX(SORT(FILTER(Transactions!$A:$G,(Transactions!$C:$C="Buy")*(Transactions!$B:$B<>"")),2,1),14,5)) | E15: =IF(C15="","",C15*D15) | F15: =IF(A15="","",SUMIFS(C$2:C15,A$2:A15,A15,B$2:B15,"<="&B15)) | G15: =IF(A15="","",SUMIFS(Transactions!$D:$D,Transactions!$B:$B,A15,Transactions!$C:$C,"Sell")) | H15: =IF(A15="","",MAX(0,MIN(C15,G15-SUM(H$2:H14)))) | I15: =IF(C15="","",C15-H15) | J15: =IF(I15="","",I15*D15)
A16: =IFERROR(INDEX(SORT(FILTER(Transactions!$B:$B,(Transactions!$C:$C="Buy")*(Transactions!$B:$B<>"")),1,1),15),"") | B16: =IF(A16="","",INDEX(SORT(FILTER(Transactions!$A:$G,(Transactions!$C:$C="Buy")*(Transactions!$B:$B<>"")),2,1),15,1)) | C16: =IF(A16="","",INDEX(SORT(FILTER(Transactions!$A:$G,(Transactions!$C:$C="Buy")*(Transactions!$B:$B<>"")),2,1),15,4)) | D16: =IF(A16="","",INDEX(SORT(FILTER(Transactions!$A:$G,(Transactions!$C:$C="Buy")*(Transactions!$B:$B<>"")),2,1),15,5)) | E16: =IF(C16="","",C16*D16) | F16: =IF(A16="","",SUMIFS(C$2:C16,A$2:A16,A16,B$2:B16,"<="&B16)) | G16: =IF(A16="","",SUMIFS(Transactions!$D:$D,Transactions!$B:$B,A16,Transactions!$C:$C,"Sell")) | H16: =IF(A16="","",MAX(0,MIN(C16,G16-SUM(H$2:H15)))) | I16: =IF(C16="","",C16-H16) | J16: =IF(I16="","",I16*D16)
A17: =IFERROR(INDEX(SORT(FILTER(Transactions!$B:$B,(Transactions!$C:$C="Buy")*(Transactions!$B:$B<>"")),1,1),16),"") | B17: =IF(A17="","",INDEX(SORT(FILTER(Transactions!$A:$G,(Transactions!$C:$C="Buy")*(Transactions!$B:$B<>"")),2,1),16,1)) | C17: =IF(A17="","",INDEX(SORT(FILTER(Transactions!$A:$G,(Transactions!$C:$C="Buy")*(Transactions!$B:$B<>"")),2,1),16,4)) | D17: =IF(A17="","",INDEX(SORT(FILTER(Transactions!$A:$G,(Transactions!$C:$C="Buy")*(Transactions!$B:$B<>"")),2,1),16,5)) | E17: =IF(C17="","",C17*D17) | F17: =IF(A17="","",SUMIFS(C$2:C17,A$2:A17,A17,B$2:B17,"<="&B17)) | G17: =IF(A17="","",SUMIFS(Transactions!$D:$D,Transactions!$B:$B,A17,Transactions!$C:$C,"Sell")) | H17: =IF(A17="","",MAX(0,MIN(C17,G17-SUM(H$2:H16)))) | I17: =IF(C17="","",C17-H17) | J17: =IF(I17="","",I17*D17)
A18: =IFERROR(INDEX(SORT(FILTER(Transactions!$B:$B,(Transactions!$C:$C="Buy")*(Transactions!$B:$B<>"")),1,1),17),"") | B18: =IF(A18="","",INDEX(SORT(FILTER(Transactions!$A:$G,(Transactions!$C:$C="Buy")*(Transactions!$B:$B<>"")),2,1),17,1)) | C18: =IF(A18="","",INDEX(SORT(FILTER(Transactions!$A:$G,(Transactions!$C:$C="Buy")*(Transactions!$B:$B<>"")),2,1),17,4)) | D18: =IF(A18="","",INDEX(SORT(FILTER(Transactions!$A:$G,(Transactions!$C:$C="Buy")*(Transactions!$B:$B<>"")),2,1),17,5)) | E18: =IF(C18="","",C18*D18) | F18: =IF(A18="","",SUMIFS(C$2:C18,A$2:A18,A18,B$2:B18,"<="&B18)) | G18: =IF(A18="","",SUMIFS(Transactions!$D:$D,Transactions!$B:$B,A18,Transactions!$C:$C,"Sell")) | H18: =IF(A18="","",MAX(0,MIN(C18,G18-SUM(H$2:H17)))) | I18: =IF(C18="","",C18-H18) | J18: =IF(I18="","",I18*D18)
A19: =IFERROR(INDEX(SORT(FILTER(Transactions!$B:$B,(Transactions!$C:$C="Buy")*(Transactions!$B:$B<>"")),1,1),18),"") | B19: =IF(A19="","",INDEX(SORT(FILTER(Transactions!$A:$G,(Transactions!$C:$C="Buy")*(Transactions!$B:$B<>"")),2,1),18,1)) | C19: =IF(A19="","",INDEX(SORT(FILTER(Transactions!$A:$G,(Transactions!$C:$C="Buy")*(Transactions!$B:$B<>"")),2,1),18,4)) | D19: =IF(A19="","",INDEX(SORT(FILTER(Transactions!$A:$G,(Transactions!$C:$C="Buy")*(Transactions!$B:$B<>"")),2,1),18,5)) | E19: =IF(C19="","",C19*D19) | F19: =IF(A19="","",SUMIFS(C$2:C19,A$2:A19,A19,B$2:B19,"<="&B19)) | G19: =IF(A19="","",SUMIFS(Transactions!$D:$D,Transactions!$B:$B,A19,Transactions!$C:$C,"Sell")) | H19: =IF(A19="","",MAX(0,MIN(C19,G19-SUM(H$2:H18)))) | I19: =IF(C19="","",C19-H19) | J19: =IF(I19="","",I19*D19)
A20: =IFERROR(INDEX(SORT(FILTER(Transactions!$B:$B,(Transactions!$C:$C="Buy")*(Transactions!$B:$B<>"")),1,1),19),"") | B20: =IF(A20="","",INDEX(SORT(FILTER(Transactions!$A:$G,(Transactions!$C:$C="Buy")*(Transactions!$B:$B<>"")),2,1),19,1)) | C20: =IF(A20="","",INDEX(SORT(FILTER(Transactions!$A:$G,(Transactions!$C:$C="Buy")*(Transactions!$B:$B<>"")),2,1),19,4)) | D20: =IF(A20="","",INDEX(SORT(FILTER(Transactions!$A:$G,(Transactions!$C:$C="Buy")*(Transactions!$B:$B<>"")),2,1),19,5)) | E20: =IF(C20="","",C20*D20) | F20: =IF(A20="","",SUMIFS(C$2:C20,A$2:A20,A20,B$2:B20,"<="&B20)) | G20: =IF(A20="","",SUMIFS(Transactions!$D:$D,Transactions!$B:$B,A20,Transactions!$C:$C,"Sell")) | H20: =IF(A20="","",MAX(0,MIN(C20,G20-SUM(H$2:H19)))) | I20: =IF(C20="","",C20-H20) | J20: =IF(I20="","",I20*D20)
A21: =IFERROR(INDEX(SORT(FILTER(Transactions!$B:$B,(Transactions!$C:$C="Buy")*(Transactions!$B:$B<>"")),1,1),20),"") | B21: =IF(A21="","",INDEX(SORT(FILTER(Transactions!$A:$G,(Transactions!$C:$C="Buy")*(Transactions!$B:$B<>"")),2,1),20,1)) | C21: =IF(A21="","",INDEX(SORT(FILTER(Transactions!$A:$G,(Transactions!$C:$C="Buy")*(Transactions!$B:$B<>"")),2,1),20,4)) | D21: =IF(A21="","",INDEX(SORT(FILTER(Transactions!$A:$G,(Transactions!$C:$C="Buy")*(Transactions!$B:$B<>"")),2,1),20,5)) | E21: =IF(C21="","",C21*D21) | F21: =IF(A21="","",SUMIFS(C$2:C21,A$2:A21,A21,B$2:B21,"<="&B21)) | G21: =IF(A21="","",SUMIFS(Transactions!$D:$D,Transactions!$B:$B,A21,Transactions!$C:$C,"Sell")) | H21: =IF(A21="","",MAX(0,MIN(C21,G21-SUM(H$2:H20)))) | I21: =IF(C21="","",C21-H21) | J21: =IF(I21="","",I21*D21)
A22: =IFERROR(INDEX(SORT(FILTER(Transactions!$B:$B,(Transactions!$C:$C="Buy")*(Transactions!$B:$B<>"")),1,1),21),"") | B22: =IF(A22="","",INDEX(SORT(FILTER(Transactions!$A:$G,(Transactions!$C:$C="Buy")*(Transactions!$B:$B<>"")),2,1),21,1)) | C22: =IF(A22="","",INDEX(SORT(FILTER(Transactions!$A:$G,(Transactions!$C:$C="Buy")*(Transactions!$B:$B<>"")),2,1),21,4)) | D22: =IF(A22="","",INDEX(SORT(FILTER(Transactions!$A:$G,(Transactions!$C:$C="Buy")*(Transactions!$B:$B<>"")),2,1),21,5)) | E22: =IF(C22="","",C22*D22) | F22: =IF(A22="","",SUMIFS(C$2:C22,A$2:A22,A22,B$2:B22,"<="&B22)) | G22: =IF(A22="","",SUMIFS(Transactions!$D:$D,Transactions!$B:$B,A22,Transactions!$C:$C,"Sell")) | H22: =IF(A22="","",MAX(0,MIN(C22,G22-SUM(H$2:H21)))) | I22: =IF(C22="","",C22-H22) | J22: =IF(I22="","",I22*D22)
A23: =IFERROR(INDEX(SORT(FILTER(Transactions!$B:$B,(Transactions!$C:$C="Buy")*(Transactions!$B:$B<>"")),1,1),22),"") | B23: =IF(A23="","",INDEX(SORT(FILTER(Transactions!$A:$G,(Transactions!$C:$C="Buy")*(Transactions!$B:$B<>"")),2,1),22,1)) | C23: =IF(A23="","",INDEX(SORT(FILTER(Transactions!$A:$G,(Transactions!$C:$C="Buy")*(Transactions!$B:$B<>"")),2,1),22,4)) | D23: =IF(A23="","",INDEX(SORT(FILTER(Transactions!$A:$G,(Transactions!$C:$C="Buy")*(Transactions!$B:$B<>"")),2,1),22,5)) | E23: =IF(C23="","",C23*D23) | F23: =IF(A23="","",SUMIFS(C$2:C23,A$2:A23,A23,B$2:B23,"<="&B23)) | G23: =IF(A23="","",SUMIFS(Transactions!$D:$D,Transactions!$B:$B,A23,Transactions!$C:$C,"Sell")) | H23: =IF(A23="","",MAX(0,MIN(C23,G23-SUM(H$2:H22)))) | I23: =IF(C23="","",C23-H23) | J23: =IF(I23="","",I23*D23)
A24: =IFERROR(INDEX(SORT(FILTER(Transactions!$B:$B,(Transactions!$C:$C="Buy")*(Transactions!$B:$B<>"")),1,1),23),"") | B24: =IF(A24="","",INDEX(SORT(FILTER(Transactions!$A:$G,(Transactions!$C:$C="Buy")*(Transactions!$B:$B<>"")),2,1),23,1)) | C24: =IF(A24="","",INDEX(SORT(FILTER(Transactions!$A:$G,(Transactions!$C:$C="Buy")*(Transactions!$B:$B<>"")),2,1),23,4)) | D24: =IF(A24="","",INDEX(SORT(FILTER(Transactions!$A:$G,(Transactions!$C:$C="Buy")*(Transactions!$B:$B<>"")),2,1),23,5)) | E24: =IF(C24="","",C24*D24) | F24: =IF(A24="","",SUMIFS(C$2:C24,A$2:A24,A24,B$2:B24,"<="&B24)) | G24: =IF(A24="","",SUMIFS(Transactions!$D:$D,Transactions!$B:$B,A24,Transactions!$C:$C,"Sell")) | H24: =IF(A24="","",MAX(0,MIN(C24,G24-SUM(H$2:H23)))) | I24: =IF(C24="","",C24-H24) | J24: =IF(I24="","",I24*D24)
A25: =IFERROR(INDEX(SORT(FILTER(Transactions!$B:$B,(Transactions!$C:$C="Buy")*(Transactions!$B:$B<>"")),1,1),24),"") | B25: =IF(A25="","",INDEX(SORT(FILTER(Transactions!$A:$G,(Transactions!$C:$C="Buy")*(Transactions!$B:$B<>"")),2,1),24,1)) | C25: =IF(A25="","",INDEX(SORT(FILTER(Transactions!$A:$G,(Transactions!$C:$C="Buy")*(Transactions!$B:$B<>"")),2,1),24,4)) | D25: =IF(A25="","",INDEX(SORT(FILTER(Transactions!$A:$G,(Transactions!$C:$C="Buy")*(Transactions!$B:$B<>"")),2,1),24,5)) | E25: =IF(C25="","",C25*D25) | F25: =IF(A25="","",SUMIFS(C$2:C25,A$2:A25,A25,B$2:B25,"<="&B25)) | G25: =IF(A25="","",SUMIFS(Transactions!$D:$D,Transactions!$B:$B,A25,Transactions!$C:$C,"Sell")) | H25: =IF(A25="","",MAX(0,MIN(C25,G25-SUM(H$2:H24)))) | I25: =IF(C25="","",C25-H25) | J25: =IF(I25="","",I25*D25)
A26: =IFERROR(INDEX(SORT(FILTER(Transactions!$B:$B,(Transactions!$C:$C="Buy")*(Transactions!$B:$B<>"")),1,1),25),"") | B26: =IF(A26="","",INDEX(SORT(FILTER(Transactions!$A:$G,(Transactions!$C:$C="Buy")*(Transactions!$B:$B<>"")),2,1),25,1)) | C26: =IF(A26="","",INDEX(SORT(FILTER(Transactions!$A:$G,(Transactions!$C:$C="Buy")*(Transactions!$B:$B<>"")),2,1),25,4)) | D26: =IF(A26="","",INDEX(SORT(FILTER(Transactions!$A:$G,(Transactions!$C:$C="Buy")*(Transactions!$B:$B<>"")),2,1),25,5)) | E26: =IF(C26="","",C26*D26) | F26: =IF(A26="","",SUMIFS(C$2:C26,A$2:A26,A26,B$2:B26,"<="&B26)) | G26: =IF(A26="","",SUMIFS(Transactions!$D:$D,Transactions!$B:$B,A26,Transactions!$C:$C,"Sell")) | H26: =IF(A26="","",MAX(0,MIN(C26,G26-SUM(H$2:H25)))) | I26: =IF(C26="","",C26-H26) | J26: =IF(I26="","",I26*D26)
A27: =IFERROR(INDEX(SORT(FILTER(Transactions!$B:$B,(Transactions!$C:$C="Buy")*(Transactions!$B:$B<>"")),1,1),26),"") | B27: =IF(A27="","",INDEX(SORT(FILTER(Transactions!$A:$G,(Transactions!$C:$C="Buy")*(Transactions!$B:$B<>"")),2,1),26,1)) | C27: =IF(A27="","",INDEX(SORT(FILTER(Transactions!$A:$G,(Transactions!$C:$C="Buy")*(Transactions!$B:$B<>"")),2,1),26,4)) | D27: =IF(A27="","",INDEX(SORT(FILTER(Transactions!$A:$G,(Transactions!$C:$C="Buy")*(Transactions!$B:$B<>"")),2,1),26,5)) | E27: =IF(C27="","",C27*D27) | F27: =IF(A27="","",SUMIFS(C$2:C27,A$2:A27,A27,B$2:B27,"<="&B27)) | G27: =IF(A27="","",SUMIFS(Transactions!$D:$D,Transactions!$B:$B,A27,Transactions!$C:$C,"Sell")) | H27: =IF(A27="","",MAX(0,MIN(C27,G27-SUM(H$2:H26)))) | I27: =IF(C27="","",C27-H27) | J27: =IF(I27="","",I27*D27)
A28: =IFERROR(INDEX(SORT(FILTER(Transactions!$B:$B,(Transactions!$C:$C="Buy")*(Transactions!$B:$B<>"")),1,1),27),"") | B28: =IF(A28="","",INDEX(SORT(FILTER(Transactions!$A:$G,(Transactions!$C:$C="Buy")*(Transactions!$B:$B<>"")),2,1),27,1)) | C28: =IF(A28="","",INDEX(SORT(FILTER(Transactions!$A:$G,(Transactions!$C:$C="Buy")*(Transactions!$B:$B<>"")),2,1),27,4)) | D28: =IF(A28="","",INDEX(SORT(FILTER(Transactions!$A:$G,(Transactions!$C:$C="Buy")*(Transactions!$B:$B<>"")),2,1),27,5)) | E28: =IF(C28="","",C28*D28) | F28: =IF(A28="","",SUMIFS(C$2:C28,A$2:A28,A28,B$2:B28,"<="&B28)) | G28: =IF(A28="","",SUMIFS(Transactions!$D:$D,Transactions!$B:$B,A28,Transactions!$C:$C,"Sell")) | H28: =IF(A28="","",MAX(0,MIN(C28,G28-SUM(H$2:H27)))) | I28: =IF(C28="","",C28-H28) | J28: =IF(I28="","",I28*D28)
A29: =IFERROR(INDEX(SORT(FILTER(Transactions!$B:$B,(Transactions!$C:$C="Buy")*(Transactions!$B:$B<>"")),1,1),28),"") | B29: =IF(A29="","",INDEX(SORT(FILTER(Transactions!$A:$G,(Transactions!$C:$C="Buy")*(Transactions!$B:$B<>"")),2,1),28,1)) | C29: =IF(A29="","",INDEX(SORT(FILTER(Transactions!$A:$G,(Transactions!$C:$C="Buy")*(Transactions!$B:$B<>"")),2,1),28,4)) | D29: =IF(A29="","",INDEX(SORT(FILTER(Transactions!$A:$G,(Transactions!$C:$C="Buy")*(Transactions!$B:$B<>"")),2,1),28,5)) | E29: =IF(C29="","",C29*D29) | F29: =IF(A29="","",SUMIFS(C$2:C29,A$2:A29,A29,B$2:B29,"<="&B29)) | G29: =IF(A29="","",SUMIFS(Transactions!$D:$D,Transactions!$B:$B,A29,Transactions!$C:$C,"Sell")) | H29: =IF(A29="","",MAX(0,MIN(C29,G29-SUM(H$2:H28)))) | I29: =IF(C29="","",C29-H29) | J29: =IF(I29="","",I29*D29)
A30: =IFERROR(INDEX(SORT(FILTER(Transactions!$B:$B,(Transactions!$C:$C="Buy")*(Transactions!$B:$B<>"")),1,1),29),"") | B30: =IF(A30="","",INDEX(SORT(FILTER(Transactions!$A:$G,(Transactions!$C:$C="Buy")*(Transactions!$B:$B<>"")),2,1),29,1)) | C30: =IF(A30="","",INDEX(SORT(FILTER(Transactions!$A:$G,(Transactions!$C:$C="Buy")*(Transactions!$B:$B<>"")),2,1),29,4)) | D30: =IF(A30="","",INDEX(SORT(FILTER(Transactions!$A:$G,(Transactions!$C:$C="Buy")*(Transactions!$B:$B<>"")),2,1),29,5)) | E30: =IF(C30="","",C30*D30) | F30: =IF(A30="","",SUMIFS(C$2:C30,A$2:A30,A30,B$2:B30,"<="&B30)) | G30: =IF(A30="","",SUMIFS(Transactions!$D:$D,Transactions!$B:$B,A30,Transactions!$C:$C,"Sell")) | H30: =IF(A30="","",MAX(0,MIN(C30,G30-SUM(H$2:H29)))) | I30: =IF(C30="","",C30-H30) | J30: =IF(I30="","",I30*D30)
A31: =IFERROR(INDEX(SORT(FILTER(Transactions!$B:$B,(Transactions!$C:$C="Buy")*(Transactions!$B:$B<>"")),1,1),30),"") | B31: =IF(A31="","",INDEX(SORT(FILTER(Transactions!$A:$G,(Transactions!$C:$C="Buy")*(Transactions!$B:$B<>"")),2,1),30,1)) | C31: =IF(A31="","",INDEX(SORT(FILTER(Transactions!$A:$G,(Transactions!$C:$C="Buy")*(Transactions!$B:$B<>"")),2,1),30,4)) | D31: =IF(A31="","",INDEX(SORT(FILTER(Transactions!$A:$G,(Transactions!$C:$C="Buy")*(Transactions!$B:$B<>"")),2,1),30,5)) | E31: =IF(C31="","",C31*D31) | F31: =IF(A31="","",SUMIFS(C$2:C31,A$2:A31,A31,B$2:B31,"<="&B31)) | G31: =IF(A31="","",SUMIFS(Transactions!$D:$D,Transactions!$B:$B,A31,Transactions!$C:$C,"Sell")) | H31: =IF(A31="","",MAX(0,MIN(C31,G31-SUM(H$2:H30)))) | I31: =IF(C31="","",C31-H31) | J31: =IF(I31="","",I31*D31)
A32: =IFERROR(INDEX(SORT(FILTER(Transactions!$B:$B,(Transactions!$C:$C="Buy")*(Transactions!$B:$B<>"")),1,1),31),"") | B32: =IF(A32="","",INDEX(SORT(FILTER(Transactions!$A:$G,(Transactions!$C:$C="Buy")*(Transactions!$B:$B<>"")),2,1),31,1)) | C32: =IF(A32="","",INDEX(SORT(FILTER(Transactions!$A:$G,(Transactions!$C:$C="Buy")*(Transactions!$B:$B<>"")),2,1),31,4)) | D32: =IF(A32="","",INDEX(SORT(FILTER(Transactions!$A:$G,(Transactions!$C:$C="Buy")*(Transactions!$B:$B<>"")),2,1),31,5)) | E32: =IF(C32="","",C32*D32) | F32: =IF(A32="","",SUMIFS(C$2:C32,A$2:A32,A32,B$2:B32,"<="&B32)) | G32: =IF(A32="","",SUMIFS(Transactions!$D:$D,Transactions!$B:$B,A32,Transactions!$C:$C,"Sell")) | H32: =IF(A32="","",MAX(0,MIN(C32,G32-SUM(H$2:H31)))) | I32: =IF(C32="","",C32-H32) | J32: =IF(I32="","",I32*D32)
A33: =IFERROR(INDEX(SORT(FILTER(Transactions!$B:$B,(Transactions!$C:$C="Buy")*(Transactions!$B:$B<>"")),1,1),32),"") | B33: =IF(A33="","",INDEX(SORT(FILTER(Transactions!$A:$G,(Transactions!$C:$C="Buy")*(Transactions!$B:$B<>"")),2,1),32,1)) | C33: =IF(A33="","",INDEX(SORT(FILTER(Transactions!$A:$G,(Transactions!$C:$C="Buy")*(Transactions!$B:$B<>"")),2,1),32,4)) | D33: =IF(A33="","",INDEX(SORT(FILTER(Transactions!$A:$G,(Transactions!$C:$C="Buy")*(Transactions!$B:$B<>"")),2,1),32,5)) | E33: =IF(C33="","",C33*D33) | F33: =IF(A33="","",SUMIFS(C$2:C33,A$2:A33,A33,B$2:B33,"<="&B33)) | G33: =IF(A33="","",SUMIFS(Transactions!$D:$D,Transactions!$B:$B,A33,Transactions!$C:$C,"Sell")) | H33: =IF(A33="","",MAX(0,MIN(C33,G33-SUM(H$2:H32)))) | I33: =IF(C33="","",C33-H33) | J33: =IF(I33="","",I33*D33)
A34: =IFERROR(INDEX(SORT(FILTER(Transactions!$B:$B,(Transactions!$C:$C="Buy")*(Transactions!$B:$B<>"")),1,1),33),"") | B34: =IF(A34="","",INDEX(SORT(FILTER(Transactions!$A:$G,(Transactions!$C:$C="Buy")*(Transactions!$B:$B<>"")),2,1),33,1)) | C34: =IF(A34="","",INDEX(SORT(FILTER(Transactions!$A:$G,(Transactions!$C:$C="Buy")*(Transactions!$B:$B<>"")),2,1),33,4)) | D34: =IF(A34="","",INDEX(SORT(FILTER(Transactions!$A:$G,(Transactions!$C:$C="Buy")*(Transactions!$B:$B<>"")),2,1),33,5)) | E34: =IF(C34="","",C34*D34) | F34: =IF(A34="","",SUMIFS(C$2:C34,A$2:A34,A34,B$2:B34,"<="&B34)) | G34: =IF(A34="","",SUMIFS(Transactions!$D:$D,Transactions!$B:$B,A34,Transactions!$C:$C,"Sell")) | H34: =IF(A34="","",MAX(0,MIN(C34,G34-SUM(H$2:H33)))) | I34: =IF(C34="","",C34-H34) | J34: =IF(I34="","",I34*D34)
A35: =IFERROR(INDEX(SORT(FILTER(Transactions!$B:$B,(Transactions!$C:$C="Buy")*(Transactions!$B:$B<>"")),1,1),34),"") | B35: =IF(A35="","",INDEX(SORT(FILTER(Transactions!$A:$G,(Transactions!$C:$C="Buy")*(Transactions!$B:$B<>"")),2,1),34,1)) | C35: =IF(A35="","",INDEX(SORT(FILTER(Transactions!$A:$G,(Transactions!$C:$C="Buy")*(Transactions!$B:$B<>"")),2,1),34,4)) | D35: =IF(A35="","",INDEX(SORT(FILTER(Transactions!$A:$G,(Transactions!$C:$C="Buy")*(Transactions!$B:$B<>"")),2,1),34,5)) | E35: =IF(C35="","",C35*D35) | F35: =IF(A35="","",SUMIFS(C$2:C35,A$2:A35,A35,B$2:B35,"<="&B35)) | G35: =IF(A35="","",SUMIFS(Transactions!$D:$D,Transactions!$B:$B,A35,Transactions!$C:$C,"Sell")) | H35: =IF(A35="","",MAX(0,MIN(C35,G35-SUM(H$2:H34)))) | I35: =IF(C35="","",C35-H35) | J35: =IF(I35="","",I35*D35)
A36: =IFERROR(INDEX(SORT(FILTER(Transactions!$B:$B,(Transactions!$C:$C="Buy")*(Transactions!$B:$B<>"")),1,1),35),"") | B36: =IF(A36="","",INDEX(SORT(FILTER(Transactions!$A:$G,(Transactions!$C:$C="Buy")*(Transactions!$B:$B<>"")),2,1),35,1)) | C36: =IF(A36="","",INDEX(SORT(FILTER(Transactions!$A:$G,(Transactions!$C:$C="Buy")*(Transactions!$B:$B<>"")),2,1),35,4)) | D36: =IF(A36="","",INDEX(SORT(FILTER(Transactions!$A:$G,(Transactions!$C:$C="Buy")*(Transactions!$B:$B<>"")),2,1),35,5)) | E36: =IF(C36="","",C36*D36) | F36: =IF(A36="","",SUMIFS(C$2:C36,A$2:A36,A36,B$2:B36,"<="&B36)) | G36: =IF(A36="","",SUMIFS(Transactions!$D:$D,Transactions!$B:$B,A36,Transactions!$C:$C,"Sell")) | H36: =IF(A36="","",MAX(0,MIN(C36,G36-SUM(H$2:H35)))) | I36: =IF(C36="","",C36-H36) | J36: =IF(I36="","",I36*D36)
A37: =IFERROR(INDEX(SORT(FILTER(Transactions!$B:$B,(Transactions!$C:$C="Buy")*(Transactions!$B:$B<>"")),1,1),36),"") | B37: =IF(A37="","",INDEX(SORT(FILTER(Transactions!$A:$G,(Transactions!$C:$C="Buy")*(Transactions!$B:$B<>"")),2,1),36,1)) | C37: =IF(A37="","",INDEX(SORT(FILTER(Transactions!$A:$G,(Transactions!$C:$C="Buy")*(Transactions!$B:$B<>"")),2,1),36,4)) | D37: =IF(A37="","",INDEX(SORT(FILTER(Transactions!$A:$G,(Transactions!$C:$C="Buy")*(Transactions!$B:$B<>"")),2,1),36,5)) | E37: =IF(C37="","",C37*D37) | F37: =IF(A37="","",SUMIFS(C$2:C37,A$2:A37,A37,B$2:B37,"<="&B37)) | G37: =IF(A37="","",SUMIFS(Transactions!$D:$D,Transactions!$B:$B,A37,Transactions!$C:$C,"Sell")) | H37: =IF(A37="","",MAX(0,MIN(C37,G37-SUM(H$2:H36)))) | I37: =IF(C37="","",C37-H37) | J37: =IF(I37="","",I37*D37)
A38: =IFERROR(INDEX(SORT(FILTER(Transactions!$B:$B,(Transactions!$C:$C="Buy")*(Transactions!$B:$B<>"")),1,1),37),"") | B38: =IF(A38="","",INDEX(SORT(FILTER(Transactions!$A:$G,(Transactions!$C:$C="Buy")*(Transactions!$B:$B<>"")),2,1),37,1)) | C38: =IF(A38="","",INDEX(SORT(FILTER(Transactions!$A:$G,(Transactions!$C:$C="Buy")*(Transactions!$B:$B<>"")),2,1),37,4)) | D38: =IF(A38="","",INDEX(SORT(FILTER(Transactions!$A:$G,(Transactions!$C:$C="Buy")*(Transactions!$B:$B<>"")),2,1),37,5)) | E38: =IF(C38="","",C38*D38) | F38: =IF(A38="","",SUMIFS(C$2:C38,A$2:A38,A38,B$2:B38,"<="&B38)) | G38: =IF(A38="","",SUMIFS(Transactions!$D:$D,Transactions!$B:$B,A38,Transactions!$C:$C,"Sell")) | H38: =IF(A38="","",MAX(0,MIN(C38,G38-SUM(H$2:H37)))) | I38: =IF(C38="","",C38-H38) | J38: =IF(I38="","",I38*D38)
A39: =IFERROR(INDEX(SORT(FILTER(Transactions!$B:$B,(Transactions!$C:$C="Buy")*(Transactions!$B:$B<>"")),1,1),38),"") | B39: =IF(A39="","",INDEX(SORT(FILTER(Transactions!$A:$G,(Transactions!$C:$C="Buy")*(Transactions!$B:$B<>"")),2,1),38,1)) | C39: =IF(A39="","",INDEX(SORT(FILTER(Transactions!$A:$G,(Transactions!$C:$C="Buy")*(Transactions!$B:$B<>"")),2,1),38,4)) | D39: =IF(A39="","",INDEX(SORT(FILTER(Transactions!$A:$G,(Transactions!$C:$C="Buy")*(Transactions!$B:$B<>"")),2,1),38,5)) | E39: =IF(C39="","",C39*D39) | F39: =IF(A39="","",SUMIFS(C$2:C39,A$2:A39,A39,B$2:B39,"<="&B39)) | G39: =IF(A39="","",SUMIFS(Transactions!$D:$D,Transactions!$B:$B,A39,Transactions!$C:$C,"Sell")) | H39: =IF(A39="","",MAX(0,MIN(C39,G39-SUM(H$2:H38)))) | I39: =IF(C39="","",C39-H39) | J39: =IF(I39="","",I39*D39)
A40: =IFERROR(INDEX(SORT(FILTER(Transactions!$B:$B,(Transactions!$C:$C="Buy")*(Transactions!$B:$B<>"")),1,1),39),"") | B40: =IF(A40="","",INDEX(SORT(FILTER(Transactions!$A:$G,(Transactions!$C:$C="Buy")*(Transactions!$B:$B<>"")),2,1),39,1)) | C40: =IF(A40="","",INDEX(SORT(FILTER(Transactions!$A:$G,(Transactions!$C:$C="Buy")*(Transactions!$B:$B<>"")),2,1),39,4)) | D40: =IF(A40="","",INDEX(SORT(FILTER(Transactions!$A:$G,(Transactions!$C:$C="Buy")*(Transactions!$B:$B<>"")),2,1),39,5)) | E40: =IF(C40="","",C40*D40) | F40: =IF(A40="","",SUMIFS(C$2:C40,A$2:A40,A40,B$2:B40,"<="&B40)) | G40: =IF(A40="","",SUMIFS(Transactions!$D:$D,Transactions!$B:$B,A40,Transactions!$C:$C,"Sell")) | H40: =IF(A40="","",MAX(0,MIN(C40,G40-SUM(H$2:H39)))) | I40: =IF(C40="","",C40-H40) | J40: =IF(I40="","",I40*D40)
A41: =IFERROR(INDEX(SORT(FILTER(Transactions!$B:$B,(Transactions!$C:$C="Buy")*(Transactions!$B:$B<>"")),1,1),40),"") | B41: =IF(A41="","",INDEX(SORT(FILTER(Transactions!$A:$G,(Transactions!$C:$C="Buy")*(Transactions!$B:$B<>"")),2,1),40,1)) | C41: =IF(A41="","",INDEX(SORT(FILTER(Transactions!$A:$G,(Transactions!$C:$C="Buy")*(Transactions!$B:$B<>"")),2,1),40,4)) | D41: =IF(A41="","",INDEX(SORT(FILTER(Transactions!$A:$G,(Transactions!$C:$C="Buy")*(Transactions!$B:$B<>"")),2,1),40,5)) | E41: =IF(C41="","",C41*D41) | F41: =IF(A41="","",SUMIFS(C$2:C41,A$2:A41,A41,B$2:B41,"<="&B41)) | G41: =IF(A41="","",SUMIFS(Transactions!$D:$D,Transactions!$B:$B,A41,Transactions!$C:$C,"Sell")) | H41: =IF(A41="","",MAX(0,MIN(C41,G41-SUM(H$2:H40)))) | I41: =IF(C41="","",C41-H41) | J41: =IF(I41="","",I41*D41)
A42: =IFERROR(INDEX(SORT(FILTER(Transactions!$B:$B,(Transactions!$C:$C="Buy")*(Transactions!$B:$B<>"")),1,1),41),"") | B42: =IF(A42="","",INDEX(SORT(FILTER(Transactions!$A:$G,(Transactions!$C:$C="Buy")*(Transactions!$B:$B<>"")),2,1),41,1)) | C42: =IF(A42="","",INDEX(SORT(FILTER(Transactions!$A:$G,(Transactions!$C:$C="Buy")*(Transactions!$B:$B<>"")),2,1),41,4)) | D42: =IF(A42="","",INDEX(SORT(FILTER(Transactions!$A:$G,(Transactions!$C:$C="Buy")*(Transactions!$B:$B<>"")),2,1),41,5)) | E42: =IF(C42="","",C42*D42) | F42: =IF(A42="","",SUMIFS(C$2:C42,A$2:A42,A42,B$2:B42,"<="&B42)) | G42: =IF(A42="","",SUMIFS(Transactions!$D:$D,Transactions!$B:$B,A42,Transactions!$C:$C,"Sell")) | H42: =IF(A42="","",MAX(0,MIN(C42,G42-SUM(H$2:H41)))) | I42: =IF(C42="","",C42-H42) | J42: =IF(I42="","",I42*D42)
A43: =IFERROR(INDEX(SORT(FILTER(Transactions!$B:$B,(Transactions!$C:$C="Buy")*(Transactions!$B:$B<>"")),1,1),42),"") | B43: =IF(A43="","",INDEX(SORT(FILTER(Transactions!$A:$G,(Transactions!$C:$C="Buy")*(Transactions!$B:$B<>"")),2,1),42,1)) | C43: =IF(A43="","",INDEX(SORT(FILTER(Transactions!$A:$G,(Transactions!$C:$C="Buy")*(Transactions!$B:$B<>"")),2,1),42,4)) | D43: =IF(A43="","",INDEX(SORT(FILTER(Transactions!$A:$G,(Transactions!$C:$C="Buy")*(Transactions!$B:$B<>"")),2,1),42,5)) | E43: =IF(C43="","",C43*D43) | F43: =IF(A43="","",SUMIFS(C$2:C43,A$2:A43,A43,B$2:B43,"<="&B43)) | G43: =IF(A43="","",SUMIFS(Transactions!$D:$D,Transactions!$B:$B,A43,Transactions!$C:$C,"Sell")) | H43: =IF(A43="","",MAX(0,MIN(C43,G43-SUM(H$2:H42)))) | I43: =IF(C43="","",C43-H43) | J43: =IF(I43="","",I43*D43)
A44: =IFERROR(INDEX(SORT(FILTER(Transactions!$B:$B,(Transactions!$C:$C="Buy")*(Transactions!$B:$B<>"")),1,1),43),"") | B44: =IF(A44="","",INDEX(SORT(FILTER(Transactions!$A:$G,(Transactions!$C:$C="Buy")*(Transactions!$B:$B<>"")),2,1),43,1)) | C44: =IF(A44="","",INDEX(SORT(FILTER(Transactions!$A:$G,(Transactions!$C:$C="Buy")*(Transactions!$B:$B<>"")),2,1),43,4)) | D44: =IF(A44="","",INDEX(SORT(FILTER(Transactions!$A:$G,(Transactions!$C:$C="Buy")*(Transactions!$B:$B<>"")),2,1),43,5)) | E44: =IF(C44="","",C44*D44) | F44: =IF(A44="","",SUMIFS(C$2:C44,A$2:A44,A44,B$2:B44,"<="&B44)) | G44: =IF(A44="","",SUMIFS(Transactions!$D:$D,Transactions!$B:$B,A44,Transactions!$C:$C,"Sell")) | H44: =IF(A44="","",MAX(0,MIN(C44,G44-SUM(H$2:H43)))) | I44: =IF(C44="","",C44-H44) | J44: =IF(I44="","",I44*D44)
A45: =IFERROR(INDEX(SORT(FILTER(Transactions!$B:$B,(Transactions!$C:$C="Buy")*(Transactions!$B:$B<>"")),1,1),44),"") | B45: =IF(A45="","",INDEX(SORT(FILTER(Transactions!$A:$G,(Transactions!$C:$C="Buy")*(Transactions!$B:$B<>"")),2,1),44,1)) | C45: =IF(A45="","",INDEX(SORT(FILTER(Transactions!$A:$G,(Transactions!$C:$C="Buy")*(Transactions!$B:$B<>"")),2,1),44,4)) | D45: =IF(A45="","",INDEX(SORT(FILTER(Transactions!$A:$G,(Transactions!$C:$C="Buy")*(Transactions!$B:$B<>"")),2,1),44,5)) | E45: =IF(C45="","",C45*D45) | F45: =IF(A45="","",SUMIFS(C$2:C45,A$2:A45,A45,B$2:B45,"<="&B45)) | G45: =IF(A45="","",SUMIFS(Transactions!$D:$D,Transactions!$B:$B,A45,Transactions!$C:$C,"Sell")) | H45: =IF(A45="","",MAX(0,MIN(C45,G45-SUM(H$2:H44)))) | I45: =IF(C45="","",C45-H45) | J45: =IF(I45="","",I45*D45)
A46: =IFERROR(INDEX(SORT(FILTER(Transactions!$B:$B,(Transactions!$C:$C="Buy")*(Transactions!$B:$B<>"")),1,1),45),"") | B46: =IF(A46="","",INDEX(SORT(FILTER(Transactions!$A:$G,(Transactions!$C:$C="Buy")*(Transactions!$B:$B<>"")),2,1),45,1)) | C46: =IF(A46="","",INDEX(SORT(FILTER(Transactions!$A:$G,(Transactions!$C:$C="Buy")*(Transactions!$B:$B<>"")),2,1),45,4)) | D46: =IF(A46="","",INDEX(SORT(FILTER(Transactions!$A:$G,(Transactions!$C:$C="Buy")*(Transactions!$B:$B<>"")),2,1),45,5)) | E46: =IF(C46="","",C46*D46) | F46: =IF(A46="","",SUMIFS(C$2:C46,A$2:A46,A46,B$2:B46,"<="&B46)) | G46: =IF(A46="","",SUMIFS(Transactions!$D:$D,Transactions!$B:$B,A46,Transactions!$C:$C,"Sell")) | H46: =IF(A46="","",MAX(0,MIN(C46,G46-SUM(H$2:H45)))) | I46: =IF(C46="","",C46-H46) | J46: =IF(I46="","",I46*D46)
A47: =IFERROR(INDEX(SORT(FILTER(Transactions!$B:$B,(Transactions!$C:$C="Buy")*(Transactions!$B:$B<>"")),1,1),46),"") | B47: =IF(A47="","",INDEX(SORT(FILTER(Transactions!$A:$G,(Transactions!$C:$C="Buy")*(Transactions!$B:$B<>"")),2,1),46,1)) | C47: =IF(A47="","",INDEX(SORT(FILTER(Transactions!$A:$G,(Transactions!$C:$C="Buy")*(Transactions!$B:$B<>"")),2,1),46,4)) | D47: =IF(A47="","",INDEX(SORT(FILTER(Transactions!$A:$G,(Transactions!$C:$C="Buy")*(Transactions!$B:$B<>"")),2,1),46,5)) | E47: =IF(C47="","",C47*D47) | F47: =IF(A47="","",SUMIFS(C$2:C47,A$2:A47,A47,B$2:B47,"<="&B47)) | G47: =IF(A47="","",SUMIFS(Transactions!$D:$D,Transactions!$B:$B,A47,Transactions!$C:$C,"Sell")) | H47: =IF(A47="","",MAX(0,MIN(C47,G47-SUM(H$2:H46)))) | I47: =IF(C47="","",C47-H47) | J47: =IF(I47="","",I47*D47)
A48: =IFERROR(INDEX(SORT(FILTER(Transactions!$B:$B,(Transactions!$C:$C="Buy")*(Transactions!$B:$B<>"")),1,1),47),"") | B48: =IF(A48="","",INDEX(SORT(FILTER(Transactions!$A:$G,(Transactions!$C:$C="Buy")*(Transactions!$B:$B<>"")),2,1),47,1)) | C48: =IF(A48="","",INDEX(SORT(FILTER(Transactions!$A:$G,(Transactions!$C:$C="Buy")*(Transactions!$B:$B<>"")),2,1),47,4)) | D48: =IF(A48="","",INDEX(SORT(FILTER(Transactions!$A:$G,(Transactions!$C:$C="Buy")*(Transactions!$B:$B<>"")),2,1),47,5)) | E48: =IF(C48="","",C48*D48) | F48: =IF(A48="","",SUMIFS(C$2:C48,A$2:A48,A48,B$2:B48,"<="&B48)) | G48: =IF(A48="","",SUMIFS(Transactions!$D:$D,Transactions!$B:$B,A48,Transactions!$C:$C,"Sell")) | H48: =IF(A48="","",MAX(0,MIN(C48,G48-SUM(H$2:H47)))) | I48: =IF(C48="","",C48-H48) | J48: =IF(I48="","",I48*D48)
A49: =IFERROR(INDEX(SORT(FILTER(Transactions!$B:$B,(Transactions!$C:$C="Buy")*(Transactions!$B:$B<>"")),1,1),48),"") | B49: =IF(A49="","",INDEX(SORT(FILTER(Transactions!$A:$G,(Transactions!$C:$C="Buy")*(Transactions!$B:$B<>"")),2,1),48,1)) | C49: =IF(A49="","",INDEX(SORT(FILTER(Transactions!$A:$G,(Transactions!$C:$C="Buy")*(Transactions!$B:$B<>"")),2,1),48,4)) | D49: =IF(A49="","",INDEX(SORT(FILTER(Transactions!$A:$G,(Transactions!$C:$C="Buy")*(Transactions!$B:$B<>"")),2,1),48,5)) | E49: =IF(C49="","",C49*D49) | F49: =IF(A49="","",SUMIFS(C$2:C49,A$2:A49,A49,B$2:B49,"<="&B49)) | G49: =IF(A49="","",SUMIFS(Transactions!$D:$D,Transactions!$B:$B,A49,Transactions!$C:$C,"Sell")) | H49: =IF(A49="","",MAX(0,MIN(C49,G49-SUM(H$2:H48)))) | I49: =IF(C49="","",C49-H49) | J49: =IF(I49="","",I49*D49)
A50: =IFERROR(INDEX(SORT(FILTER(Transactions!$B:$B,(Transactions!$C:$C="Buy")*(Transactions!$B:$B<>"")),1,1),49),"") | B50: =IF(A50="","",INDEX(SORT(FILTER(Transactions!$A:$G,(Transactions!$C:$C="Buy")*(Transactions!$B:$B<>"")),2,1),49,1)) | C50: =IF(A50="","",INDEX(SORT(FILTER(Transactions!$A:$G,(Transactions!$C:$C="Buy")*(Transactions!$B:$B<>"")),2,1),49,4)) | D50: =IF(A50="","",INDEX(SORT(FILTER(Transactions!$A:$G,(Transactions!$C:$C="Buy")*(Transactions!$B:$B<>"")),2,1),49,5)) | E50: =IF(C50="","",C50*D50) | F50: =IF(A50="","",SUMIFS(C$2:C50,A$2:A50,A50,B$2:B50,"<="&B50)) | G50: =IF(A50="","",SUMIFS(Transactions!$D:$D,Transactions!$B:$B,A50,Transactions!$C:$C,"Sell")) | H50: =IF(A50="","",MAX(0,MIN(C50,G50-SUM(H$2:H49)))) | I50: =IF(C50="","",C50-H50) | J50: =IF(I50="","",I50*D50)
A51: =IFERROR(INDEX(SORT(FILTER(Transactions!$B:$B,(Transactions!$C:$C="Buy")*(Transactions!$B:$B<>"")),1,1),50),"") | B51: =IF(A51="","",INDEX(SORT(FILTER(Transactions!$A:$G,(Transactions!$C:$C="Buy")*(Transactions!$B:$B<>"")),2,1),50,1)) | C51: =IF(A51="","",INDEX(SORT(FILTER(Transactions!$A:$G,(Transactions!$C:$C="Buy")*(Transactions!$B:$B<>"")),2,1),50,4)) | D51: =IF(A51="","",INDEX(SORT(FILTER(Transactions!$A:$G,(Transactions!$C:$C="Buy")*(Transactions!$B:$B<>"")),2,1),50,5)) | E51: =IF(C51="","",C51*D51) | F51: =IF(A51="","",SUMIFS(C$2:C51,A$2:A51,A51,B$2:B51,"<="&B51)) | G51: =IF(A51="","",SUMIFS(Transactions!$D:$D,Transactions!$B:$B,A51,Transactions!$C:$C,"Sell")) | H51: =IF(A51="","",MAX(0,MIN(C51,G51-SUM(H$2:H50)))) | I51: =IF(C51="","",C51-H51) | J51: =IF(I51="","",I51*D51)
A52: =IFERROR(INDEX(SORT(FILTER(Transactions!$B:$B,(Transactions!$C:$C="Buy")*(Transactions!$B:$B<>"")),1,1),51),"") | B52: =IF(A52="","",INDEX(SORT(FILTER(Transactions!$A:$G,(Transactions!$C:$C="Buy")*(Transactions!$B:$B<>"")),2,1),51,1)) | C52: =IF(A52="","",INDEX(SORT(FILTER(Transactions!$A:$G,(Transactions!$C:$C="Buy")*(Transactions!$B:$B<>"")),2,1),51,4)) | D52: =IF(A52="","",INDEX(SORT(FILTER(Transactions!$A:$G,(Transactions!$C:$C="Buy")*(Transactions!$B:$B<>"")),2,1),51,5)) | E52: =IF(C52="","",C52*D52) | F52: =IF(A52="","",SUMIFS(C$2:C52,A$2:A52,A52,B$2:B52,"<="&B52)) | G52: =IF(A52="","",SUMIFS(Transactions!$D:$D,Transactions!$B:$B,A52,Transactions!$C:$C,"Sell")) | H52: =IF(A52="","",MAX(0,MIN(C52,G52-SUM(H$2:H51)))) | I52: =IF(C52="","",C52-H52) | J52: =IF(I52="","",I52*D52)
A53: =IFERROR(INDEX(SORT(FILTER(Transactions!$B:$B,(Transactions!$C:$C="Buy")*(Transactions!$B:$B<>"")),1,1),52),"") | B53: =IF(A53="","",INDEX(SORT(FILTER(Transactions!$A:$G,(Transactions!$C:$C="Buy")*(Transactions!$B:$B<>"")),2,1),52,1)) | C53: =IF(A53="","",INDEX(SORT(FILTER(Transactions!$A:$G,(Transactions!$C:$C="Buy")*(Transactions!$B:$B<>"")),2,1),52,4)) | D53: =IF(A53="","",INDEX(SORT(FILTER(Transactions!$A:$G,(Transactions!$C:$C="Buy")*(Transactions!$B:$B<>"")),2,1),52,5)) | E53: =IF(C53="","",C53*D53) | F53: =IF(A53="","",SUMIFS(C$2:C53,A$2:A53,A53,B$2:B53,"<="&B53)) | G53: =IF(A53="","",SUMIFS(Transactions!$D:$D,Transactions!$B:$B,A53,Transactions!$C:$C,"Sell")) | H53: =IF(A53="","",MAX(0,MIN(C53,G53-SUM(H$2:H52)))) | I53: =IF(C53="","",C53-H53) | J53: =IF(I53="","",I53*D53)
A54: =IFERROR(INDEX(SORT(FILTER(Transactions!$B:$B,(Transactions!$C:$C="Buy")*(Transactions!$B:$B<>"")),1,1),53),"") | B54: =IF(A54="","",INDEX(SORT(FILTER(Transactions!$A:$G,(Transactions!$C:$C="Buy")*(Transactions!$B:$B<>"")),2,1),53,1)) | C54: =IF(A54="","",INDEX(SORT(FILTER(Transactions!$A:$G,(Transactions!$C:$C="Buy")*(Transactions!$B:$B<>"")),2,1),53,4)) | D54: =IF(A54="","",INDEX(SORT(FILTER(Transactions!$A:$G,(Transactions!$C:$C="Buy")*(Transactions!$B:$B<>"")),2,1),53,5)) | E54: =IF(C54="","",C54*D54) | F54: =IF(A54="","",SUMIFS(C$2:C54,A$2:A54,A54,B$2:B54,"<="&B54)) | G54: =IF(A54="","",SUMIFS(Transactions!$D:$D,Transactions!$B:$B,A54,Transactions!$C:$C,"Sell")) | H54: =IF(A54="","",MAX(0,MIN(C54,G54-SUM(H$2:H53)))) | I54: =IF(C54="","",C54-H54) | J54: =IF(I54="","",I54*D54)
A55: =IFERROR(INDEX(SORT(FILTER(Transactions!$B:$B,(Transactions!$C:$C="Buy")*(Transactions!$B:$B<>"")),1,1),54),"") | B55: =IF(A55="","",INDEX(SORT(FILTER(Transactions!$A:$G,(Transactions!$C:$C="Buy")*(Transactions!$B:$B<>"")),2,1),54,1)) | C55: =IF(A55="","",INDEX(SORT(FILTER(Transactions!$A:$G,(Transactions!$C:$C="Buy")*(Transactions!$B:$B<>"")),2,1),54,4)) | D55: =IF(A55="","",INDEX(SORT(FILTER(Transactions!$A:$G,(Transactions!$C:$C="Buy")*(Transactions!$B:$B<>"")),2,1),54,5)) | E55: =IF(C55="","",C55*D55) | F55: =IF(A55="","",SUMIFS(C$2:C55,A$2:A55,A55,B$2:B55,"<="&B55)) | G55: =IF(A55="","",SUMIFS(Transactions!$D:$D,Transactions!$B:$B,A55,Transactions!$C:$C,"Sell")) | H55: =IF(A55="","",MAX(0,MIN(C55,G55-SUM(H$2:H54)))) | I55: =IF(C55="","",C55-H55) | J55: =IF(I55="","",I55*D55)
A56: =IFERROR(INDEX(SORT(FILTER(Transactions!$B:$B,(Transactions!$C:$C="Buy")*(Transactions!$B:$B<>"")),1,1),55),"") | B56: =IF(A56="","",INDEX(SORT(FILTER(Transactions!$A:$G,(Transactions!$C:$C="Buy")*(Transactions!$B:$B<>"")),2,1),55,1)) | C56: =IF(A56="","",INDEX(SORT(FILTER(Transactions!$A:$G,(Transactions!$C:$C="Buy")*(Transactions!$B:$B<>"")),2,1),55,4)) | D56: =IF(A56="","",INDEX(SORT(FILTER(Transactions!$A:$G,(Transactions!$C:$C="Buy")*(Transactions!$B:$B<>"")),2,1),55,5)) | E56: =IF(C56="","",C56*D56) | F56: =IF(A56="","",SUMIFS(C$2:C56,A$2:A56,A56,B$2:B56,"<="&B56)) | G56: =IF(A56="","",SUMIFS(Transactions!$D:$D,Transactions!$B:$B,A56,Transactions!$C:$C,"Sell")) | H56: =IF(A56="","",MAX(0,MIN(C56,G56-SUM(H$2:H55)))) | I56: =IF(C56="","",C56-H56) | J56: =IF(I56="","",I56*D56)
A57: =IFERROR(INDEX(SORT(FILTER(Transactions!$B:$B,(Transactions!$C:$C="Buy")*(Transactions!$B:$B<>"")),1,1),56),"") | B57: =IF(A57="","",INDEX(SORT(FILTER(Transactions!$A:$G,(Transactions!$C:$C="Buy")*(Transactions!$B:$B<>"")),2,1),56,1)) | C57: =IF(A57="","",INDEX(SORT(FILTER(Transactions!$A:$G,(Transactions!$C:$C="Buy")*(Transactions!$B:$B<>"")),2,1),56,4)) | D57: =IF(A57="","",INDEX(SORT(FILTER(Transactions!$A:$G,(Transactions!$C:$C="Buy")*(Transactions!$B:$B<>"")),2,1),56,5)) | E57: =IF(C57="","",C57*D57) | F57: =IF(A57="","",SUMIFS(C$2:C57,A$2:A57,A57,B$2:B57,"<="&B57)) | G57: =IF(A57="","",SUMIFS(Transactions!$D:$D,Transactions!$B:$B,A57,Transactions!$C:$C,"Sell")) | H57: =IF(A57="","",MAX(0,MIN(C57,G57-SUM(H$2:H56)))) | I57: =IF(C57="","",C57-H57) | J57: =IF(I57="","",I57*D57)
A58: =IFERROR(INDEX(SORT(FILTER(Transactions!$B:$B,(Transactions!$C:$C="Buy")*(Transactions!$B:$B<>"")),1,1),57),"") | B58: =IF(A58="","",INDEX(SORT(FILTER(Transactions!$A:$G,(Transactions!$C:$C="Buy")*(Transactions!$B:$B<>"")),2,1),57,1)) | C58: =IF(A58="","",INDEX(SORT(FILTER(Transactions!$A:$G,(Transactions!$C:$C="Buy")*(Transactions!$B:$B<>"")),2,1),57,4)) | D58: =IF(A58="","",INDEX(SORT(FILTER(Transactions!$A:$G,(Transactions!$C:$C="Buy")*(Transactions!$B:$B<>"")),2,1),57,5)) | E58: =IF(C58="","",C58*D58) | F58: =IF(A58="","",SUMIFS(C$2:C58,A$2:A58,A58,B$2:B58,"<="&B58)) | G58: =IF(A58="","",SUMIFS(Transactions!$D:$D,Transactions!$B:$B,A58,Transactions!$C:$C,"Sell")) | H58: =IF(A58="","",MAX(0,MIN(C58,G58-SUM(H$2:H57)))) | I58: =IF(C58="","",C58-H58) | J58: =IF(I58="","",I58*D58)
A59: =IFERROR(INDEX(SORT(FILTER(Transactions!$B:$B,(Transactions!$C:$C="Buy")*(Transactions!$B:$B<>"")),1,1),58),"") | B59: =IF(A59="","",INDEX(SORT(FILTER(Transactions!$A:$G,(Transactions!$C:$C="Buy")*(Transactions!$B:$B<>"")),2,1),58,1)) | C59: =IF(A59="","",INDEX(SORT(FILTER(Transactions!$A:$G,(Transactions!$C:$C="Buy")*(Transactions!$B:$B<>"")),2,1),58,4)) | D59: =IF(A59="","",INDEX(SORT(FILTER(Transactions!$A:$G,(Transactions!$C:$C="Buy")*(Transactions!$B:$B<>"")),2,1),58,5)) | E59: =IF(C59="","",C59*D59) | F59: =IF(A59="","",SUMIFS(C$2:C59,A$2:A59,A59,B$2:B59,"<="&B59)) | G59: =IF(A59="","",SUMIFS(Transactions!$D:$D,Transactions!$B:$B,A59,Transactions!$C:$C,"Sell")) | H59: =IF(A59="","",MAX(0,MIN(C59,G59-SUM(H$2:H58)))) | I59: =IF(C59="","",C59-H59) | J59: =IF(I59="","",I59*D59)
A60: =IFERROR(INDEX(SORT(FILTER(Transactions!$B:$B,(Transactions!$C:$C="Buy")*(Transactions!$B:$B<>"")),1,1),59),"") | B60: =IF(A60="","",INDEX(SORT(FILTER(Transactions!$A:$G,(Transactions!$C:$C="Buy")*(Transactions!$B:$B<>"")),2,1),59,1)) | C60: =IF(A60="","",INDEX(SORT(FILTER(Transactions!$A:$G,(Transactions!$C:$C="Buy")*(Transactions!$B:$B<>"")),2,1),59,4)) | D60: =IF(A60="","",INDEX(SORT(FILTER(Transactions!$A:$G,(Transactions!$C:$C="Buy")*(Transactions!$B:$B<>"")),2,1),59,5)) | E60: =IF(C60="","",C60*D60) | F60: =IF(A60="","",SUMIFS(C$2:C60,A$2:A60,A60,B$2:B60,"<="&B60)) | G60: =IF(A60="","",SUMIFS(Transactions!$D:$D,Transactions!$B:$B,A60,Transactions!$C:$C,"Sell")) | H60: =IF(A60="","",MAX(0,MIN(C60,G60-SUM(H$2:H59)))) | I60: =IF(C60="","",C60-H60) | J60: =IF(I60="","",I60*D60)
A61: =IFERROR(INDEX(SORT(FILTER(Transactions!$B:$B,(Transactions!$C:$C="Buy")*(Transactions!$B:$B<>"")),1,1),60),"") | B61: =IF(A61="","",INDEX(SORT(FILTER(Transactions!$A:$G,(Transactions!$C:$C="Buy")*(Transactions!$B:$B<>"")),2,1),60,1)) | C61: =IF(A61="","",INDEX(SORT(FILTER(Transactions!$A:$G,(Transactions!$C:$C="Buy")*(Transactions!$B:$B<>"")),2,1),60,4)) | D61: =IF(A61="","",INDEX(SORT(FILTER(Transactions!$A:$G,(Transactions!$C:$C="Buy")*(Transactions!$B:$B<>"")),2,1),60,5)) | E61: =IF(C61="","",C61*D61) | F61: =IF(A61="","",SUMIFS(C$2:C61,A$2:A61,A61,B$2:B61,"<="&B61)) | G61: =IF(A61="","",SUMIFS(Transactions!$D:$D,Transactions!$B:$B,A61,Transactions!$C:$C,"Sell")) | H61: =IF(A61="","",MAX(0,MIN(C61,G61-SUM(H$2:H60)))) | I61: =IF(C61="","",C61-H61) | J61: =IF(I61="","",I61*D61)
A62: =IFERROR(INDEX(SORT(FILTER(Transactions!$B:$B,(Transactions!$C:$C="Buy")*(Transactions!$B:$B<>"")),1,1),61),"") | B62: =IF(A62="","",INDEX(SORT(FILTER(Transactions!$A:$G,(Transactions!$C:$C="Buy")*(Transactions!$B:$B<>"")),2,1),61,1)) | C62: =IF(A62="","",INDEX(SORT(FILTER(Transactions!$A:$G,(Transactions!$C:$C="Buy")*(Transactions!$B:$B<>"")),2,1),61,4)) | D62: =IF(A62="","",INDEX(SORT(FILTER(Transactions!$A:$G,(Transactions!$C:$C="Buy")*(Transactions!$B:$B<>"")),2,1),61,5)) | E62: =IF(C62="","",C62*D62) | F62: =IF(A62="","",SUMIFS(C$2:C62,A$2:A62,A62,B$2:B62,"<="&B62)) | G62: =IF(A62="","",SUMIFS(Transactions!$D:$D,Transactions!$B:$B,A62,Transactions!$C:$C,"Sell")) | H62: =IF(A62="","",MAX(0,MIN(C62,G62-SUM(H$2:H61)))) | I62: =IF(C62="","",C62-H62) | J62: =IF(I62="","",I62*D62)
A63: =IFERROR(INDEX(SORT(FILTER(Transactions!$B:$B,(Transactions!$C:$C="Buy")*(Transactions!$B:$B<>"")),1,1),62),"") | B63: =IF(A63="","",INDEX(SORT(FILTER(Transactions!$A:$G,(Transactions!$C:$C="Buy")*(Transactions!$B:$B<>"")),2,1),62,1)) | C63: =IF(A63="","",INDEX(SORT(FILTER(Transactions!$A:$G,(Transactions!$C:$C="Buy")*(Transactions!$B:$B<>"")),2,1),62,4)) | D63: =IF(A63="","",INDEX(SORT(FILTER(Transactions!$A:$G,(Transactions!$C:$C="Buy")*(Transactions!$B:$B<>"")),2,1),62,5)) | E63: =IF(C63="","",C63*D63) | F63: =IF(A63="","",SUMIFS(C$2:C63,A$2:A63,A63,B$2:B63,"<="&B63)) | G63: =IF(A63="","",SUMIFS(Transactions!$D:$D,Transactions!$B:$B,A63,Transactions!$C:$C,"Sell")) | H63: =IF(A63="","",MAX(0,MIN(C63,G63-SUM(H$2:H62)))) | I63: =IF(C63="","",C63-H63) | J63: =IF(I63="","",I63*D63)
A64: =IFERROR(INDEX(SORT(FILTER(Transactions!$B:$B,(Transactions!$C:$C="Buy")*(Transactions!$B:$B<>"")),1,1),63),"") | B64: =IF(A64="","",INDEX(SORT(FILTER(Transactions!$A:$G,(Transactions!$C:$C="Buy")*(Transactions!$B:$B<>"")),2,1),63,1)) | C64: =IF(A64="","",INDEX(SORT(FILTER(Transactions!$A:$G,(Transactions!$C:$C="Buy")*(Transactions!$B:$B<>"")),2,1),63,4)) | D64: =IF(A64="","",INDEX(SORT(FILTER(Transactions!$A:$G,(Transactions!$C:$C="Buy")*(Transactions!$B:$B<>"")),2,1),63,5)) | E64: =IF(C64="","",C64*D64) | F64: =IF(A64="","",SUMIFS(C$2:C64,A$2:A64,A64,B$2:B64,"<="&B64)) | G64: =IF(A64="","",SUMIFS(Transactions!$D:$D,Transactions!$B:$B,A64,Transactions!$C:$C,"Sell")) | H64: =IF(A64="","",MAX(0,MIN(C64,G64-SUM(H$2:H63)))) | I64: =IF(C64="","",C64-H64) | J64: =IF(I64="","",I64*D64)
A65: =IFERROR(INDEX(SORT(FILTER(Transactions!$B:$B,(Transactions!$C:$C="Buy")*(Transactions!$B:$B<>"")),1,1),64),"") | B65: =IF(A65="","",INDEX(SORT(FILTER(Transactions!$A:$G,(Transactions!$C:$C="Buy")*(Transactions!$B:$B<>"")),2,1),64,1)) | C65: =IF(A65="","",INDEX(SORT(FILTER(Transactions!$A:$G,(Transactions!$C:$C="Buy")*(Transactions!$B:$B<>"")),2,1),64,4)) | D65: =IF(A65="","",INDEX(SORT(FILTER(Transactions!$A:$G,(Transactions!$C:$C="Buy")*(Transactions!$B:$B<>"")),2,1),64,5)) | E65: =IF(C65="","",C65*D65) | F65: =IF(A65="","",SUMIFS(C$2:C65,A$2:A65,A65,B$2:B65,"<="&B65)) | G65: =IF(A65="","",SUMIFS(Transactions!$D:$D,Transactions!$B:$B,A65,Transactions!$C:$C,"Sell")) | H65: =IF(A65="","",MAX(0,MIN(C65,G65-SUM(H$2:H64)))) | I65: =IF(C65="","",C65-H65) | J65: =IF(I65="","",I65*D65)
A66: =IFERROR(INDEX(SORT(FILTER(Transactions!$B:$B,(Transactions!$C:$C="Buy")*(Transactions!$B:$B<>"")),1,1),65),"") | B66: =IF(A66="","",INDEX(SORT(FILTER(Transactions!$A:$G,(Transactions!$C:$C="Buy")*(Transactions!$B:$B<>"")),2,1),65,1)) | C66: =IF(A66="","",INDEX(SORT(FILTER(Transactions!$A:$G,(Transactions!$C:$C="Buy")*(Transactions!$B:$B<>"")),2,1),65,4)) | D66: =IF(A66="","",INDEX(SORT(FILTER(Transactions!$A:$G,(Transactions!$C:$C="Buy")*(Transactions!$B:$B<>"")),2,1),65,5)) | E66: =IF(C66="","",C66*D66) | F66: =IF(A66="","",SUMIFS(C$2:C66,A$2:A66,A66,B$2:B66,"<="&B66)) | G66: =IF(A66="","",SUMIFS(Transactions!$D:$D,Transactions!$B:$B,A66,Transactions!$C:$C,"Sell")) | H66: =IF(A66="","",MAX(0,MIN(C66,G66-SUM(H$2:H65)))) | I66: =IF(C66="","",C66-H66) | J66: =IF(I66="","",I66*D66)
A67: =IFERROR(INDEX(SORT(FILTER(Transactions!$B:$B,(Transactions!$C:$C="Buy")*(Transactions!$B:$B<>"")),1,1),66),"") | B67: =IF(A67="","",INDEX(SORT(FILTER(Transactions!$A:$G,(Transactions!$C:$C="Buy")*(Transactions!$B:$B<>"")),2,1),66,1)) | C67: =IF(A67="","",INDEX(SORT(FILTER(Transactions!$A:$G,(Transactions!$C:$C="Buy")*(Transactions!$B:$B<>"")),2,1),66,4)) | D67: =IF(A67="","",INDEX(SORT(FILTER(Transactions!$A:$G,(Transactions!$C:$C="Buy")*(Transactions!$B:$B<>"")),2,1),66,5)) | E67: =IF(C67="","",C67*D67) | F67: =IF(A67="","",SUMIFS(C$2:C67,A$2:A67,A67,B$2:B67,"<="&B67)) | G67: =IF(A67="","",SUMIFS(Transactions!$D:$D,Transactions!$B:$B,A67,Transactions!$C:$C,"Sell")) | H67: =IF(A67="","",MAX(0,MIN(C67,G67-SUM(H$2:H66)))) | I67: =IF(C67="","",C67-H67) | J67: =IF(I67="","",I67*D67)
A68: =IFERROR(INDEX(SORT(FILTER(Transactions!$B:$B,(Transactions!$C:$C="Buy")*(Transactions!$B:$B<>"")),1,1),67),"") | B68: =IF(A68="","",INDEX(SORT(FILTER(Transactions!$A:$G,(Transactions!$C:$C="Buy")*(Transactions!$B:$B<>"")),2,1),67,1)) | C68: =IF(A68="","",INDEX(SORT(FILTER(Transactions!$A:$G,(Transactions!$C:$C="Buy")*(Transactions!$B:$B<>"")),2,1),67,4)) | D68: =IF(A68="","",INDEX(SORT(FILTER(Transactions!$A:$G,(Transactions!$C:$C="Buy")*(Transactions!$B:$B<>"")),2,1),67,5)) | E68: =IF(C68="","",C68*D68) | F68: =IF(A68="","",SUMIFS(C$2:C68,A$2:A68,A68,B$2:B68,"<="&B68)) | G68: =IF(A68="","",SUMIFS(Transactions!$D:$D,Transactions!$B:$B,A68,Transactions!$C:$C,"Sell")) | H68: =IF(A68="","",MAX(0,MIN(C68,G68-SUM(H$2:H67)))) | I68: =IF(C68="","",C68-H68) | J68: =IF(I68="","",I68*D68)
A69: =IFERROR(INDEX(SORT(FILTER(Transactions!$B:$B,(Transactions!$C:$C="Buy")*(Transactions!$B:$B<>"")),1,1),68),"") | B69: =IF(A69="","",INDEX(SORT(FILTER(Transactions!$A:$G,(Transactions!$C:$C="Buy")*(Transactions!$B:$B<>"")),2,1),68,1)) | C69: =IF(A69="","",INDEX(SORT(FILTER(Transactions!$A:$G,(Transactions!$C:$C="Buy")*(Transactions!$B:$B<>"")),2,1),68,4)) | D69: =IF(A69="","",INDEX(SORT(FILTER(Transactions!$A:$G,(Transactions!$C:$C="Buy")*(Transactions!$B:$B<>"")),2,1),68,5)) | E69: =IF(C69="","",C69*D69) | F69: =IF(A69="","",SUMIFS(C$2:C69,A$2:A69,A69,B$2:B69,"<="&B69)) | G69: =IF(A69="","",SUMIFS(Transactions!$D:$D,Transactions!$B:$B,A69,Transactions!$C:$C,"Sell")) | H69: =IF(A69="","",MAX(0,MIN(C69,G69-SUM(H$2:H68)))) | I69: =IF(C69="","",C69-H69) | J69: =IF(I69="","",I69*D69)
A70: =IFERROR(INDEX(SORT(FILTER(Transactions!$B:$B,(Transactions!$C:$C="Buy")*(Transactions!$B:$B<>"")),1,1),69),"") | B70: =IF(A70="","",INDEX(SORT(FILTER(Transactions!$A:$G,(Transactions!$C:$C="Buy")*(Transactions!$B:$B<>"")),2,1),69,1)) | C70: =IF(A70="","",INDEX(SORT(FILTER(Transactions!$A:$G,(Transactions!$C:$C="Buy")*(Transactions!$B:$B<>"")),2,1),69,4)) | D70: =IF(A70="","",INDEX(SORT(FILTER(Transactions!$A:$G,(Transactions!$C:$C="Buy")*(Transactions!$B:$B<>"")),2,1),69,5)) | E70: =IF(C70="","",C70*D70) | F70: =IF(A70="","",SUMIFS(C$2:C70,A$2:A70,A70,B$2:B70,"<="&B70)) | G70: =IF(A70="","",SUMIFS(Transactions!$D:$D,Transactions!$B:$B,A70,Transactions!$C:$C,"Sell")) | H70: =IF(A70="","",MAX(0,MIN(C70,G70-SUM(H$2:H69)))) | I70: =IF(C70="","",C70-H70) | J70: =IF(I70="","",I70*D70)
A71: =IFERROR(INDEX(SORT(FILTER(Transactions!$B:$B,(Transactions!$C:$C="Buy")*(Transactions!$B:$B<>"")),1,1),70),"") | B71: =IF(A71="","",INDEX(SORT(FILTER(Transactions!$A:$G,(Transactions!$C:$C="Buy")*(Transactions!$B:$B<>"")),2,1),70,1)) | C71: =IF(A71="","",INDEX(SORT(FILTER(Transactions!$A:$G,(Transactions!$C:$C="Buy")*(Transactions!$B:$B<>"")),2,1),70,4)) | D71: =IF(A71="","",INDEX(SORT(FILTER(Transactions!$A:$G,(Transactions!$C:$C="Buy")*(Transactions!$B:$B<>"")),2,1),70,5)) | E71: =IF(C71="","",C71*D71) | F71: =IF(A71="","",SUMIFS(C$2:C71,A$2:A71,A71,B$2:B71,"<="&B71)) | G71: =IF(A71="","",SUMIFS(Transactions!$D:$D,Transactions!$B:$B,A71,Transactions!$C:$C,"Sell")) | H71: =IF(A71="","",MAX(0,MIN(C71,G71-SUM(H$2:H70)))) | I71: =IF(C71="","",C71-H71) | J71: =IF(I71="","",I71*D71)
A72: =IFERROR(INDEX(SORT(FILTER(Transactions!$B:$B,(Transactions!$C:$C="Buy")*(Transactions!$B:$B<>"")),1,1),71),"") | B72: =IF(A72="","",INDEX(SORT(FILTER(Transactions!$A:$G,(Transactions!$C:$C="Buy")*(Transactions!$B:$B<>"")),2,1),71,1)) | C72: =IF(A72="","",INDEX(SORT(FILTER(Transactions!$A:$G,(Transactions!$C:$C="Buy")*(Transactions!$B:$B<>"")),2,1),71,4)) | D72: =IF(A72="","",INDEX(SORT(FILTER(Transactions!$A:$G,(Transactions!$C:$C="Buy")*(Transactions!$B:$B<>"")),2,1),71,5)) | E72: =IF(C72="","",C72*D72) | F72: =IF(A72="","",SUMIFS(C$2:C72,A$2:A72,A72,B$2:B72,"<="&B72)) | G72: =IF(A72="","",SUMIFS(Transactions!$D:$D,Transactions!$B:$B,A72,Transactions!$C:$C,"Sell")) | H72: =IF(A72="","",MAX(0,MIN(C72,G72-SUM(H$2:H71)))) | I72: =IF(C72="","",C72-H72) | J72: =IF(I72="","",I72*D72)
A73: =IFERROR(INDEX(SORT(FILTER(Transactions!$B:$B,(Transactions!$C:$C="Buy")*(Transactions!$B:$B<>"")),1,1),72),"") | B73: =IF(A73="","",INDEX(SORT(FILTER(Transactions!$A:$G,(Transactions!$C:$C="Buy")*(Transactions!$B:$B<>"")),2,1),72,1)) | C73: =IF(A73="","",INDEX(SORT(FILTER(Transactions!$A:$G,(Transactions!$C:$C="Buy")*(Transactions!$B:$B<>"")),2,1),72,4)) | D73: =IF(A73="","",INDEX(SORT(FILTER(Transactions!$A:$G,(Transactions!$C:$C="Buy")*(Transactions!$B:$B<>"")),2,1),72,5)) | E73: =IF(C73="","",C73*D73) | F73: =IF(A73="","",SUMIFS(C$2:C73,A$2:A73,A73,B$2:B73,"<="&B73)) | G73: =IF(A73="","",SUMIFS(Transactions!$D:$D,Transactions!$B:$B,A73,Transactions!$C:$C,"Sell")) | H73: =IF(A73="","",MAX(0,MIN(C73,G73-SUM(H$2:H72)))) | I73: =IF(C73="","",C73-H73) | J73: =IF(I73="","",I73*D73)
A74: =IFERROR(INDEX(SORT(FILTER(Transactions!$B:$B,(Transactions!$C:$C="Buy")*(Transactions!$B:$B<>"")),1,1),73),"") | B74: =IF(A74="","",INDEX(SORT(FILTER(Transactions!$A:$G,(Transactions!$C:$C="Buy")*(Transactions!$B:$B<>"")),2,1),73,1)) | C74: =IF(A74="","",INDEX(SORT(FILTER(Transactions!$A:$G,(Transactions!$C:$C="Buy")*(Transactions!$B:$B<>"")),2,1),73,4)) | D74: =IF(A74="","",INDEX(SORT(FILTER(Transactions!$A:$G,(Transactions!$C:$C="Buy")*(Transactions!$B:$B<>"")),2,1),73,5)) | E74: =IF(C74="","",C74*D74) | F74: =IF(A74="","",SUMIFS(C$2:C74,A$2:A74,A74,B$2:B74,"<="&B74)) | G74: =IF(A74="","",SUMIFS(Transactions!$D:$D,Transactions!$B:$B,A74,Transactions!$C:$C,"Sell")) | H74: =IF(A74="","",MAX(0,MIN(C74,G74-SUM(H$2:H73)))) | I74: =IF(C74="","",C74-H74) | J74: =IF(I74="","",I74*D74)
A75: =IFERROR(INDEX(SORT(FILTER(Transactions!$B:$B,(Transactions!$C:$C="Buy")*(Transactions!$B:$B<>"")),1,1),74),"") | B75: =IF(A75="","",INDEX(SORT(FILTER(Transactions!$A:$G,(Transactions!$C:$C="Buy")*(Transactions!$B:$B<>"")),2,1),74,1)) | C75: =IF(A75="","",INDEX(SORT(FILTER(Transactions!$A:$G,(Transactions!$C:$C="Buy")*(Transactions!$B:$B<>"")),2,1),74,4)) | D75: =IF(A75="","",INDEX(SORT(FILTER(Transactions!$A:$G,(Transactions!$C:$C="Buy")*(Transactions!$B:$B<>"")),2,1),74,5)) | E75: =IF(C75="","",C75*D75) | F75: =IF(A75="","",SUMIFS(C$2:C75,A$2:A75,A75,B$2:B75,"<="&B75)) | G75: =IF(A75="","",SUMIFS(Transactions!$D:$D,Transactions!$B:$B,A75,Transactions!$C:$C,"Sell")) | H75: =IF(A75="","",MAX(0,MIN(C75,G75-SUM(H$2:H74)))) | I75: =IF(C75="","",C75-H75) | J75: =IF(I75="","",I75*D75)
A76: =IFERROR(INDEX(SORT(FILTER(Transactions!$B:$B,(Transactions!$C:$C="Buy")*(Transactions!$B:$B<>"")),1,1),75),"") | B76: =IF(A76="","",INDEX(SORT(FILTER(Transactions!$A:$G,(Transactions!$C:$C="Buy")*(Transactions!$B:$B<>"")),2,1),75,1)) | C76: =IF(A76="","",INDEX(SORT(FILTER(Transactions!$A:$G,(Transactions!$C:$C="Buy")*(Transactions!$B:$B<>"")),2,1),75,4)) | D76: =IF(A76="","",INDEX(SORT(FILTER(Transactions!$A:$G,(Transactions!$C:$C="Buy")*(Transactions!$B:$B<>"")),2,1),75,5)) | E76: =IF(C76="","",C76*D76) | F76: =IF(A76="","",SUMIFS(C$2:C76,A$2:A76,A76,B$2:B76,"<="&B76)) | G76: =IF(A76="","",SUMIFS(Transactions!$D:$D,Transactions!$B:$B,A76,Transactions!$C:$C,"Sell")) | H76: =IF(A76="","",MAX(0,MIN(C76,G76-SUM(H$2:H75)))) | I76: =IF(C76="","",C76-H76) | J76: =IF(I76="","",I76*D76)
A77: =IFERROR(INDEX(SORT(FILTER(Transactions!$B:$B,(Transactions!$C:$C="Buy")*(Transactions!$B:$B<>"")),1,1),76),"") | B77: =IF(A77="","",INDEX(SORT(FILTER(Transactions!$A:$G,(Transactions!$C:$C="Buy")*(Transactions!$B:$B<>"")),2,1),76,1)) | C77: =IF(A77="","",INDEX(SORT(FILTER(Transactions!$A:$G,(Transactions!$C:$C="Buy")*(Transactions!$B:$B<>"")),2,1),76,4)) | D77: =IF(A77="","",INDEX(SORT(FILTER(Transactions!$A:$G,(Transactions!$C:$C="Buy")*(Transactions!$B:$B<>"")),2,1),76,5)) | E77: =IF(C77="","",C77*D77) | F77: =IF(A77="","",SUMIFS(C$2:C77,A$2:A77,A77,B$2:B77,"<="&B77)) | G77: =IF(A77="","",SUMIFS(Transactions!$D:$D,Transactions!$B:$B,A77,Transactions!$C:$C,"Sell")) | H77: =IF(A77="","",MAX(0,MIN(C77,G77-SUM(H$2:H76)))) | I77: =IF(C77="","",C77-H77) | J77: =IF(I77="","",I77*D77)
A78: =IFERROR(INDEX(SORT(FILTER(Transactions!$B:$B,(Transactions!$C:$C="Buy")*(Transactions!$B:$B<>"")),1,1),77),"") | B78: =IF(A78="","",INDEX(SORT(FILTER(Transactions!$A:$G,(Transactions!$C:$C="Buy")*(Transactions!$B:$B<>"")),2,1),77,1)) | C78: =IF(A78="","",INDEX(SORT(FILTER(Transactions!$A:$G,(Transactions!$C:$C="Buy")*(Transactions!$B:$B<>"")),2,1),77,4)) | D78: =IF(A78="","",INDEX(SORT(FILTER(Transactions!$A:$G,(Transactions!$C:$C="Buy")*(Transactions!$B:$B<>"")),2,1),77,5)) | E78: =IF(C78="","",C78*D78) | F78: =IF(A78="","",SUMIFS(C$2:C78,A$2:A78,A78,B$2:B78,"<="&B78)) | G78: =IF(A78="","",SUMIFS(Transactions!$D:$D,Transactions!$B:$B,A78,Transactions!$C:$C,"Sell")) | H78: =IF(A78="","",MAX(0,MIN(C78,G78-SUM(H$2:H77)))) | I78: =IF(C78="","",C78-H78) | J78: =IF(I78="","",I78*D78)
A79: =IFERROR(INDEX(SORT(FILTER(Transactions!$B:$B,(Transactions!$C:$C="Buy")*(Transactions!$B:$B<>"")),1,1),78),"") | B79: =IF(A79="","",INDEX(SORT(FILTER(Transactions!$A:$G,(Transactions!$C:$C="Buy")*(Transactions!$B:$B<>"")),2,1),78,1)) | C79: =IF(A79="","",INDEX(SORT(FILTER(Transactions!$A:$G,(Transactions!$C:$C="Buy")*(Transactions!$B:$B<>"")),2,1),78,4)) | D79: =IF(A79="","",INDEX(SORT(FILTER(Transactions!$A:$G,(Transactions!$C:$C="Buy")*(Transactions!$B:$B<>"")),2,1),78,5)) | E79: =IF(C79="","",C79*D79) | F79: =IF(A79="","",SUMIFS(C$2:C79,A$2:A79,A79,B$2:B79,"<="&B79)) | G79: =IF(A79="","",SUMIFS(Transactions!$D:$D,Transactions!$B:$B,A79,Transactions!$C:$C,"Sell")) | H79: =IF(A79="","",MAX(0,MIN(C79,G79-SUM(H$2:H78)))) | I79: =IF(C79="","",C79-H79) | J79: =IF(I79="","",I79*D79)
A80: =IFERROR(INDEX(SORT(FILTER(Transactions!$B:$B,(Transactions!$C:$C="Buy")*(Transactions!$B:$B<>"")),1,1),79),"") | B80: =IF(A80="","",INDEX(SORT(FILTER(Transactions!$A:$G,(Transactions!$C:$C="Buy")*(Transactions!$B:$B<>"")),2,1),79,1)) | C80: =IF(A80="","",INDEX(SORT(FILTER(Transactions!$A:$G,(Transactions!$C:$C="Buy")*(Transactions!$B:$B<>"")),2,1),79,4)) | D80: =IF(A80="","",INDEX(SORT(FILTER(Transactions!$A:$G,(Transactions!$C:$C="Buy")*(Transactions!$B:$B<>"")),2,1),79,5)) | E80: =IF(C80="","",C80*D80) | F80: =IF(A80="","",SUMIFS(C$2:C80,A$2:A80,A80,B$2:B80,"<="&B80)) | G80: =IF(A80="","",SUMIFS(Transactions!$D:$D,Transactions!$B:$B,A80,Transactions!$C:$C,"Sell")) | H80: =IF(A80="","",MAX(0,MIN(C80,G80-SUM(H$2:H79)))) | I80: =IF(C80="","",C80-H80) | J80: =IF(I80="","",I80*D80)
A81: =IFERROR(INDEX(SORT(FILTER(Transactions!$B:$B,(Transactions!$C:$C="Buy")*(Transactions!$B:$B<>"")),1,1),80),"") | B81: =IF(A81="","",INDEX(SORT(FILTER(Transactions!$A:$G,(Transactions!$C:$C="Buy")*(Transactions!$B:$B<>"")),2,1),80,1)) | C81: =IF(A81="","",INDEX(SORT(FILTER(Transactions!$A:$G,(Transactions!$C:$C="Buy")*(Transactions!$B:$B<>"")),2,1),80,4)) | D81: =IF(A81="","",INDEX(SORT(FILTER(Transactions!$A:$G,(Transactions!$C:$C="Buy")*(Transactions!$B:$B<>"")),2,1),80,5)) | E81: =IF(C81="","",C81*D81) | F81: =IF(A81="","",SUMIFS(C$2:C81,A$2:A81,A81,B$2:B81,"<="&B81)) | G81: =IF(A81="","",SUMIFS(Transactions!$D:$D,Transactions!$B:$B,A81,Transactions!$C:$C,"Sell")) | H81: =IF(A81="","",MAX(0,MIN(C81,G81-SUM(H$2:H80)))) | I81: =IF(C81="","",C81-H81) | J81: =IF(I81="","",I81*D81)
A82: =IFERROR(INDEX(SORT(FILTER(Transactions!$B:$B,(Transactions!$C:$C="Buy")*(Transactions!$B:$B<>"")),1,1),81),"") | B82: =IF(A82="","",INDEX(SORT(FILTER(Transactions!$A:$G,(Transactions!$C:$C="Buy")*(Transactions!$B:$B<>"")),2,1),81,1)) | C82: =IF(A82="","",INDEX(SORT(FILTER(Transactions!$A:$G,(Transactions!$C:$C="Buy")*(Transactions!$B:$B<>"")),2,1),81,4)) | D82: =IF(A82="","",INDEX(SORT(FILTER(Transactions!$A:$G,(Transactions!$C:$C="Buy")*(Transactions!$B:$B<>"")),2,1),81,5)) | E82: =IF(C82="","",C82*D82) | F82: =IF(A82="","",SUMIFS(C$2:C82,A$2:A82,A82,B$2:B82,"<="&B82)) | G82: =IF(A82="","",SUMIFS(Transactions!$D:$D,Transactions!$B:$B,A82,Transactions!$C:$C,"Sell")) | H82: =IF(A82="","",MAX(0,MIN(C82,G82-SUM(H$2:H81)))) | I82: =IF(C82="","",C82-H82) | J82: =IF(I82="","",I82*D82)
A83: =IFERROR(INDEX(SORT(FILTER(Transactions!$B:$B,(Transactions!$C:$C="Buy")*(Transactions!$B:$B<>"")),1,1),82),"") | B83: =IF(A83="","",INDEX(SORT(FILTER(Transactions!$A:$G,(Transactions!$C:$C="Buy")*(Transactions!$B:$B<>"")),2,1),82,1)) | C83: =IF(A83="","",INDEX(SORT(FILTER(Transactions!$A:$G,(Transactions!$C:$C="Buy")*(Transactions!$B:$B<>"")),2,1),82,4)) | D83: =IF(A83="","",INDEX(SORT(FILTER(Transactions!$A:$G,(Transactions!$C:$C="Buy")*(Transactions!$B:$B<>"")),2,1),82,5)) | E83: =IF(C83="","",C83*D83) | F83: =IF(A83="","",SUMIFS(C$2:C83,A$2:A83,A83,B$2:B83,"<="&B83)) | G83: =IF(A83="","",SUMIFS(Transactions!$D:$D,Transactions!$B:$B,A83,Transactions!$C:$C,"Sell")) | H83: =IF(A83="","",MAX(0,MIN(C83,G83-SUM(H$2:H82)))) | I83: =IF(C83="","",C83-H83) | J83: =IF(I83="","",I83*D83)
A84: =IFERROR(INDEX(SORT(FILTER(Transactions!$B:$B,(Transactions!$C:$C="Buy")*(Transactions!$B:$B<>"")),1,1),83),"") | B84: =IF(A84="","",INDEX(SORT(FILTER(Transactions!$A:$G,(Transactions!$C:$C="Buy")*(Transactions!$B:$B<>"")),2,1),83,1)) | C84: =IF(A84="","",INDEX(SORT(FILTER(Transactions!$A:$G,(Transactions!$C:$C="Buy")*(Transactions!$B:$B<>"")),2,1),83,4)) | D84: =IF(A84="","",INDEX(SORT(FILTER(Transactions!$A:$G,(Transactions!$C:$C="Buy")*(Transactions!$B:$B<>"")),2,1),83,5)) | E84: =IF(C84="","",C84*D84) | F84: =IF(A84="","",SUMIFS(C$2:C84,A$2:A84,A84,B$2:B84,"<="&B84)) | G84: =IF(A84="","",SUMIFS(Transactions!$D:$D,Transactions!$B:$B,A84,Transactions!$C:$C,"Sell")) | H84: =IF(A84="","",MAX(0,MIN(C84,G84-SUM(H$2:H83)))) | I84: =IF(C84="","",C84-H84) | J84: =IF(I84="","",I84*D84)
A85: =IFERROR(INDEX(SORT(FILTER(Transactions!$B:$B,(Transactions!$C:$C="Buy")*(Transactions!$B:$B<>"")),1,1),84),"") | B85: =IF(A85="","",INDEX(SORT(FILTER(Transactions!$A:$G,(Transactions!$C:$C="Buy")*(Transactions!$B:$B<>"")),2,1),84,1)) | C85: =IF(A85="","",INDEX(SORT(FILTER(Transactions!$A:$G,(Transactions!$C:$C="Buy")*(Transactions!$B:$B<>"")),2,1),84,4)) | D85: =IF(A85="","",INDEX(SORT(FILTER(Transactions!$A:$G,(Transactions!$C:$C="Buy")*(Transactions!$B:$B<>"")),2,1),84,5)) | E85: =IF(C85="","",C85*D85) | F85: =IF(A85="","",SUMIFS(C$2:C85,A$2:A85,A85,B$2:B85,"<="&B85)) | G85: =IF(A85="","",SUMIFS(Transactions!$D:$D,Transactions!$B:$B,A85,Transactions!$C:$C,"Sell")) | H85: =IF(A85="","",MAX(0,MIN(C85,G85-SUM(H$2:H84)))) | I85: =IF(C85="","",C85-H85) | J85: =IF(I85="","",I85*D85)
A86: =IFERROR(INDEX(SORT(FILTER(Transactions!$B:$B,(Transactions!$C:$C="Buy")*(Transactions!$B:$B<>"")),1,1),85),"") | B86: =IF(A86="","",INDEX(SORT(FILTER(Transactions!$A:$G,(Transactions!$C:$C="Buy")*(Transactions!$B:$B<>"")),2,1),85,1)) | C86: =IF(A86="","",INDEX(SORT(FILTER(Transactions!$A:$G,(Transactions!$C:$C="Buy")*(Transactions!$B:$B<>"")),2,1),85,4)) | D86: =IF(A86="","",INDEX(SORT(FILTER(Transactions!$A:$G,(Transactions!$C:$C="Buy")*(Transactions!$B:$B<>"")),2,1),85,5)) | E86: =IF(C86="","",C86*D86) | F86: =IF(A86="","",SUMIFS(C$2:C86,A$2:A86,A86,B$2:B86,"<="&B86)) | G86: =IF(A86="","",SUMIFS(Transactions!$D:$D,Transactions!$B:$B,A86,Transactions!$C:$C,"Sell")) | H86: =IF(A86="","",MAX(0,MIN(C86,G86-SUM(H$2:H85)))) | I86: =IF(C86="","",C86-H86) | J86: =IF(I86="","",I86*D86)
A87: =IFERROR(INDEX(SORT(FILTER(Transactions!$B:$B,(Transactions!$C:$C="Buy")*(Transactions!$B:$B<>"")),1,1),86),"") | B87: =IF(A87="","",INDEX(SORT(FILTER(Transactions!$A:$G,(Transactions!$C:$C="Buy")*(Transactions!$B:$B<>"")),2,1),86,1)) | C87: =IF(A87="","",INDEX(SORT(FILTER(Transactions!$A:$G,(Transactions!$C:$C="Buy")*(Transactions!$B:$B<>"")),2,1),86,4)) | D87: =IF(A87="","",INDEX(SORT(FILTER(Transactions!$A:$G,(Transactions!$C:$C="Buy")*(Transactions!$B:$B<>"")),2,1),86,5)) | E87: =IF(C87="","",C87*D87) | F87: =IF(A87="","",SUMIFS(C$2:C87,A$2:A87,A87,B$2:B87,"<="&B87)) | G87: =IF(A87="","",SUMIFS(Transactions!$D:$D,Transactions!$B:$B,A87,Transactions!$C:$C,"Sell")) | H87: =IF(A87="","",MAX(0,MIN(C87,G87-SUM(H$2:H86)))) | I87: =IF(C87="","",C87-H87) | J87: =IF(I87="","",I87*D87)
A88: =IFERROR(INDEX(SORT(FILTER(Transactions!$B:$B,(Transactions!$C:$C="Buy")*(Transactions!$B:$B<>"")),1,1),87),"") | B88: =IF(A88="","",INDEX(SORT(FILTER(Transactions!$A:$G,(Transactions!$C:$C="Buy")*(Transactions!$B:$B<>"")),2,1),87,1)) | C88: =IF(A88="","",INDEX(SORT(FILTER(Transactions!$A:$G,(Transactions!$C:$C="Buy")*(Transactions!$B:$B<>"")),2,1),87,4)) | D88: =IF(A88="","",INDEX(SORT(FILTER(Transactions!$A:$G,(Transactions!$C:$C="Buy")*(Transactions!$B:$B<>"")),2,1),87,5)) | E88: =IF(C88="","",C88*D88) | F88: =IF(A88="","",SUMIFS(C$2:C88,A$2:A88,A88,B$2:B88,"<="&B88)) | G88: =IF(A88="","",SUMIFS(Transactions!$D:$D,Transactions!$B:$B,A88,Transactions!$C:$C,"Sell")) | H88: =IF(A88="","",MAX(0,MIN(C88,G88-SUM(H$2:H87)))) | I88: =IF(C88="","",C88-H88) | J88: =IF(I88="","",I88*D88)
A89: =IFERROR(INDEX(SORT(FILTER(Transactions!$B:$B,(Transactions!$C:$C="Buy")*(Transactions!$B:$B<>"")),1,1),88),"") | B89: =IF(A89="","",INDEX(SORT(FILTER(Transactions!$A:$G,(Transactions!$C:$C="Buy")*(Transactions!$B:$B<>"")),2,1),88,1)) | C89: =IF(A89="","",INDEX(SORT(FILTER(Transactions!$A:$G,(Transactions!$C:$C="Buy")*(Transactions!$B:$B<>"")),2,1),88,4)) | D89: =IF(A89="","",INDEX(SORT(FILTER(Transactions!$A:$G,(Transactions!$C:$C="Buy")*(Transactions!$B:$B<>"")),2,1),88,5)) | E89: =IF(C89="","",C89*D89) | F89: =IF(A89="","",SUMIFS(C$2:C89,A$2:A89,A89,B$2:B89,"<="&B89)) | G89: =IF(A89="","",SUMIFS(Transactions!$D:$D,Transactions!$B:$B,A89,Transactions!$C:$C,"Sell")) | H89: =IF(A89="","",MAX(0,MIN(C89,G89-SUM(H$2:H88)))) | I89: =IF(C89="","",C89-H89) | J89: =IF(I89="","",I89*D89)
A90: =IFERROR(INDEX(SORT(FILTER(Transactions!$B:$B,(Transactions!$C:$C="Buy")*(Transactions!$B:$B<>"")),1,1),89),"") | B90: =IF(A90="","",INDEX(SORT(FILTER(Transactions!$A:$G,(Transactions!$C:$C="Buy")*(Transactions!$B:$B<>"")),2,1),89,1)) | C90: =IF(A90="","",INDEX(SORT(FILTER(Transactions!$A:$G,(Transactions!$C:$C="Buy")*(Transactions!$B:$B<>"")),2,1),89,4)) | D90: =IF(A90="","",INDEX(SORT(FILTER(Transactions!$A:$G,(Transactions!$C:$C="Buy")*(Transactions!$B:$B<>"")),2,1),89,5)) | E90: =IF(C90="","",C90*D90) | F90: =IF(A90="","",SUMIFS(C$2:C90,A$2:A90,A90,B$2:B90,"<="&B90)) | G90: =IF(A90="","",SUMIFS(Transactions!$D:$D,Transactions!$B:$B,A90,Transactions!$C:$C,"Sell")) | H90: =IF(A90="","",MAX(0,MIN(C90,G90-SUM(H$2:H89)))) | I90: =IF(C90="","",C90-H90) | J90: =IF(I90="","",I90*D90)
A91: =IFERROR(INDEX(SORT(FILTER(Transactions!$B:$B,(Transactions!$C:$C="Buy")*(Transactions!$B:$B<>"")),1,1),90),"") | B91: =IF(A91="","",INDEX(SORT(FILTER(Transactions!$A:$G,(Transactions!$C:$C="Buy")*(Transactions!$B:$B<>"")),2,1),90,1)) | C91: =IF(A91="","",INDEX(SORT(FILTER(Transactions!$A:$G,(Transactions!$C:$C="Buy")*(Transactions!$B:$B<>"")),2,1),90,4)) | D91: =IF(A91="","",INDEX(SORT(FILTER(Transactions!$A:$G,(Transactions!$C:$C="Buy")*(Transactions!$B:$B<>"")),2,1),90,5)) | E91: =IF(C91="","",C91*D91) | F91: =IF(A91="","",SUMIFS(C$2:C91,A$2:A91,A91,B$2:B91,"<="&B91)) | G91: =IF(A91="","",SUMIFS(Transactions!$D:$D,Transactions!$B:$B,A91,Transactions!$C:$C,"Sell")) | H91: =IF(A91="","",MAX(0,MIN(C91,G91-SUM(H$2:H90)))) | I91: =IF(C91="","",C91-H91) | J91: =IF(I91="","",I91*D91)
A92: =IFERROR(INDEX(SORT(FILTER(Transactions!$B:$B,(Transactions!$C:$C="Buy")*(Transactions!$B:$B<>"")),1,1),91),"") | B92: =IF(A92="","",INDEX(SORT(FILTER(Transactions!$A:$G,(Transactions!$C:$C="Buy")*(Transactions!$B:$B<>"")),2,1),91,1)) | C92: =IF(A92="","",INDEX(SORT(FILTER(Transactions!$A:$G,(Transactions!$C:$C="Buy")*(Transactions!$B:$B<>"")),2,1),91,4)) | D92: =IF(A92="","",INDEX(SORT(FILTER(Transactions!$A:$G,(Transactions!$C:$C="Buy")*(Transactions!$B:$B<>"")),2,1),91,5)) | E92: =IF(C92="","",C92*D92) | F92: =IF(A92="","",SUMIFS(C$2:C92,A$2:A92,A92,B$2:B92,"<="&B92)) | G92: =IF(A92="","",SUMIFS(Transactions!$D:$D,Transactions!$B:$B,A92,Transactions!$C:$C,"Sell")) | H92: =IF(A92="","",MAX(0,MIN(C92,G92-SUM(H$2:H91)))) | I92: =IF(C92="","",C92-H92) | J92: =IF(I92="","",I92*D92)
A93: =IFERROR(INDEX(SORT(FILTER(Transactions!$B:$B,(Transactions!$C:$C="Buy")*(Transactions!$B:$B<>"")),1,1),92),"") | B93: =IF(A93="","",INDEX(SORT(FILTER(Transactions!$A:$G,(Transactions!$C:$C="Buy")*(Transactions!$B:$B<>"")),2,1),92,1)) | C93: =IF(A93="","",INDEX(SORT(FILTER(Transactions!$A:$G,(Transactions!$C:$C="Buy")*(Transactions!$B:$B<>"")),2,1),92,4)) | D93: =IF(A93="","",INDEX(SORT(FILTER(Transactions!$A:$G,(Transactions!$C:$C="Buy")*(Transactions!$B:$B<>"")),2,1),92,5)) | E93: =IF(C93="","",C93*D93) | F93: =IF(A93="","",SUMIFS(C$2:C93,A$2:A93,A93,B$2:B93,"<="&B93)) | G93: =IF(A93="","",SUMIFS(Transactions!$D:$D,Transactions!$B:$B,A93,Transactions!$C:$C,"Sell")) | H93: =IF(A93="","",MAX(0,MIN(C93,G93-SUM(H$2:H92)))) | I93: =IF(C93="","",C93-H93) | J93: =IF(I93="","",I93*D93)
A94: =IFERROR(INDEX(SORT(FILTER(Transactions!$B:$B,(Transactions!$C:$C="Buy")*(Transactions!$B:$B<>"")),1,1),93),"") | B94: =IF(A94="","",INDEX(SORT(FILTER(Transactions!$A:$G,(Transactions!$C:$C="Buy")*(Transactions!$B:$B<>"")),2,1),93,1)) | C94: =IF(A94="","",INDEX(SORT(FILTER(Transactions!$A:$G,(Transactions!$C:$C="Buy")*(Transactions!$B:$B<>"")),2,1),93,4)) | D94: =IF(A94="","",INDEX(SORT(FILTER(Transactions!$A:$G,(Transactions!$C:$C="Buy")*(Transactions!$B:$B<>"")),2,1),93,5)) | E94: =IF(C94="","",C94*D94) | F94: =IF(A94="","",SUMIFS(C$2:C94,A$2:A94,A94,B$2:B94,"<="&B94)) | G94: =IF(A94="","",SUMIFS(Transactions!$D:$D,Transactions!$B:$B,A94,Transactions!$C:$C,"Sell")) | H94: =IF(A94="","",MAX(0,MIN(C94,G94-SUM(H$2:H93)))) | I94: =IF(C94="","",C94-H94) | J94: =IF(I94="","",I94*D94)
A95: =IFERROR(INDEX(SORT(FILTER(Transactions!$B:$B,(Transactions!$C:$C="Buy")*(Transactions!$B:$B<>"")),1,1),94),"") | B95: =IF(A95="","",INDEX(SORT(FILTER(Transactions!$A:$G,(Transactions!$C:$C="Buy")*(Transactions!$B:$B<>"")),2,1),94,1)) | C95: =IF(A95="","",INDEX(SORT(FILTER(Transactions!$A:$G,(Transactions!$C:$C="Buy")*(Transactions!$B:$B<>"")),2,1),94,4)) | D95: =IF(A95="","",INDEX(SORT(FILTER(Transactions!$A:$G,(Transactions!$C:$C="Buy")*(Transactions!$B:$B<>"")),2,1),94,5)) | E95: =IF(C95="","",C95*D95) | F95: =IF(A95="","",SUMIFS(C$2:C95,A$2:A95,A95,B$2:B95,"<="&B95)) | G95: =IF(A95="","",SUMIFS(Transactions!$D:$D,Transactions!$B:$B,A95,Transactions!$C:$C,"Sell")) | H95: =IF(A95="","",MAX(0,MIN(C95,G95-SUM(H$2:H94)))) | I95: =IF(C95="","",C95-H95) | J95: =IF(I95="","",I95*D95)
A96: =IFERROR(INDEX(SORT(FILTER(Transactions!$B:$B,(Transactions!$C:$C="Buy")*(Transactions!$B:$B<>"")),1,1),95),"") | B96: =IF(A96="","",INDEX(SORT(FILTER(Transactions!$A:$G,(Transactions!$C:$C="Buy")*(Transactions!$B:$B<>"")),2,1),95,1)) | C96: =IF(A96="","",INDEX(SORT(FILTER(Transactions!$A:$G,(Transactions!$C:$C="Buy")*(Transactions!$B:$B<>"")),2,1),95,4)) | D96: =IF(A96="","",INDEX(SORT(FILTER(Transactions!$A:$G,(Transactions!$C:$C="Buy")*(Transactions!$B:$B<>"")),2,1),95,5)) | E96: =IF(C96="","",C96*D96) | F96: =IF(A96="","",SUMIFS(C$2:C96,A$2:A96,A96,B$2:B96,"<="&B96)) | G96: =IF(A96="","",SUMIFS(Transactions!$D:$D,Transactions!$B:$B,A96,Transactions!$C:$C,"Sell")) | H96: =IF(A96="","",MAX(0,MIN(C96,G96-SUM(H$2:H95)))) | I96: =IF(C96="","",C96-H96) | J96: =IF(I96="","",I96*D96)
A97: =IFERROR(INDEX(SORT(FILTER(Transactions!$B:$B,(Transactions!$C:$C="Buy")*(Transactions!$B:$B<>"")),1,1),96),"") | B97: =IF(A97="","",INDEX(SORT(FILTER(Transactions!$A:$G,(Transactions!$C:$C="Buy")*(Transactions!$B:$B<>"")),2,1),96,1)) | C97: =IF(A97="","",INDEX(SORT(FILTER(Transactions!$A:$G,(Transactions!$C:$C="Buy")*(Transactions!$B:$B<>"")),2,1),96,4)) | D97: =IF(A97="","",INDEX(SORT(FILTER(Transactions!$A:$G,(Transactions!$C:$C="Buy")*(Transactions!$B:$B<>"")),2,1),96,5)) | E97: =IF(C97="","",C97*D97) | F97: =IF(A97="","",SUMIFS(C$2:C97,A$2:A97,A97,B$2:B97,"<="&B97)) | G97: =IF(A97="","",SUMIFS(Transactions!$D:$D,Transactions!$B:$B,A97,Transactions!$C:$C,"Sell")) | H97: =IF(A97="","",MAX(0,MIN(C97,G97-SUM(H$2:H96)))) | I97: =IF(C97="","",C97-H97) | J97: =IF(I97="","",I97*D97)
A98: =IFERROR(INDEX(SORT(FILTER(Transactions!$B:$B,(Transactions!$C:$C="Buy")*(Transactions!$B:$B<>"")),1,1),97),"") | B98: =IF(A98="","",INDEX(SORT(FILTER(Transactions!$A:$G,(Transactions!$C:$C="Buy")*(Transactions!$B:$B<>"")),2,1),97,1)) | C98: =IF(A98="","",INDEX(SORT(FILTER(Transactions!$A:$G,(Transactions!$C:$C="Buy")*(Transactions!$B:$B<>"")),2,1),97,4)) | D98: =IF(A98="","",INDEX(SORT(FILTER(Transactions!$A:$G,(Transactions!$C:$C="Buy")*(Transactions!$B:$B<>"")),2,1),97,5)) | E98: =IF(C98="","",C98*D98) | F98: =IF(A98="","",SUMIFS(C$2:C98,A$2:A98,A98,B$2:B98,"<="&B98)) | G98: =IF(A98="","",SUMIFS(Transactions!$D:$D,Transactions!$B:$B,A98,Transactions!$C:$C,"Sell")) | H98: =IF(A98="","",MAX(0,MIN(C98,G98-SUM(H$2:H97)))) | I98: =IF(C98="","",C98-H98) | J98: =IF(I98="","",I98*D98)
A99: =IFERROR(INDEX(SORT(FILTER(Transactions!$B:$B,(Transactions!$C:$C="Buy")*(Transactions!$B:$B<>"")),1,1),98),"") | B99: =IF(A99="","",INDEX(SORT(FILTER(Transactions!$A:$G,(Transactions!$C:$C="Buy")*(Transactions!$B:$B<>"")),2,1),98,1)) | C99: =IF(A99="","",INDEX(SORT(FILTER(Transactions!$A:$G,(Transactions!$C:$C="Buy")*(Transactions!$B:$B<>"")),2,1),98,4)) | D99: =IF(A99="","",INDEX(SORT(FILTER(Transactions!$A:$G,(Transactions!$C:$C="Buy")*(Transactions!$B:$B<>"")),2,1),98,5)) | E99: =IF(C99="","",C99*D99) | F99: =IF(A99="","",SUMIFS(C$2:C99,A$2:A99,A99,B$2:B99,"<="&B99)) | G99: =IF(A99="","",SUMIFS(Transactions!$D:$D,Transactions!$B:$B,A99,Transactions!$C:$C,"Sell")) | H99: =IF(A99="","",MAX(0,MIN(C99,G99-SUM(H$2:H98)))) | I99: =IF(C99="","",C99-H99) | J99: =IF(I99="","",I99*D99)
A100: =IFERROR(INDEX(SORT(FILTER(Transactions!$B:$B,(Transactions!$C:$C="Buy")*(Transactions!$B:$B<>"")),1,1),99),"") | B100: =IF(A100="","",INDEX(SORT(FILTER(Transactions!$A:$G,(Transactions!$C:$C="Buy")*(Transactions!$B:$B<>"")),2,1),99,1)) | C100: =IF(A100="","",INDEX(SORT(FILTER(Transactions!$A:$G,(Transactions!$C:$C="Buy")*(Transactions!$B:$B<>"")),2,1),99,4)) | D100: =IF(A100="","",INDEX(SORT(FILTER(Transactions!$A:$G,(Transactions!$C:$C="Buy")*(Transactions!$B:$B<>"")),2,1),99,5)) | E100: =IF(C100="","",C100*D100) | F100: =IF(A100="","",SUMIFS(C$2:C100,A$2:A100,A100,B$2:B100,"<="&B100)) | G100: =IF(A100="","",SUMIFS(Transactions!$D:$D,Transactions!$B:$B,A100,Transactions!$C:$C,"Sell")) | H100: =IF(A100="","",MAX(0,MIN(C100,G100-SUM(H$2:H99)))) | I100: =IF(C100="","",C100-H100) | J100: =IF(I100="","",I100*D100)
...

Sheet Holdings
A1: Stock Name | B1: Net Holding Qty | C1: Current Avg Price | D1: Total Invested Value | E1: CMP | F1: Current Value | G1: Unrealized P&L | I1: Note: CMP Column
A2: =IFERROR(UNIQUE(FILTER(Transactions!B:B,(Transactions!C:C="Buy")*(Transactions!B:B<>""))),"") | B2: =IF(A2="","",SUMIFS(Transactions!D:D,Transactions!B:B,A2,Transactions!C:C,"Buy")-SUMIFS(Transactions!D:D,Transactions!B:B,A2,Transactions!C:C,"Sell")) | C2: =IF(B2="","",IF(B2<=0,"",SUMIFS(Transactions!G:G,Transactions!B:B,A2,Transactions!C:C,"Buy")/SUMIFS(Transactions!D:D,Transactions!B:B,A2,Transactions!C:C,"Buy"))) | D2: =IF(B2="","",IF(B2<=0,"",B2*C2)) | F2: =IF(E2="","",B2*E2) | G2: =IF(F2="","",F2-D2) | I2: Enter current market price manually or use Excel Stock Data Type

Sheet Stock_Template
A1: Stock Name: | B1: ENTER_STOCK_NAME_HERE
A3: Realized P&L | B3: Unrealized P&L | C3: Current Holding Qty | D3: Current Invested Value | E3: Average Buy Price
A4: =IF(B1="ENTER_STOCK_NAME_HERE","",SUMIFS(Transactions!G:G,Transactions!B:B,B1,Transactions!C:C,"Sell")-SUMIFS(Transactions!D:D,Transactions!B:B,B1,Transactions!C:C,"Sell")*SUMIFS(Transactions!G:G,Transactions!B:B,B1,Transactions!C:C,"Buy")/SUMIFS(Transactions!D:D,Transactions!B:B,B1,Transactions!C:C,"Buy")) | B4: =IF(B1="ENTER_STOCK_NAME_HERE","",INDEX(Holdings!G:G,MATCH(B1,Holdings!A:A,0))) | C4: =IF(B1="ENTER_STOCK_NAME_HERE","",SUMIFS(Transactions!D:D,Transactions!B:B,B1,Transactions!C:C,"Buy")-SUMIFS(Transactions!D:D,Transactions!B:B,B1,Transactions!C:C,"Sell")) | D4: =IF(B1="ENTER_STOCK_NAME_HERE","",INDEX(Holdings!D:D,MATCH(B1,Holdings!A:A,0))) | E4: =IF(B1="ENTER_STOCK_NAME_HERE","",SUMIFS(Transactions!G:G,Transactions!B:B,B1,Transactions!C:C,"Buy")/SUMIFS(Transactions!D:D,Transactions!B:B,B1,Transactions!C:C,"Buy"))
A6: Instructions: Enter stock name in B1, then duplicate this sheet for each stock you want to track individually.
A7: COMPLETE TRANSACTION HISTORY
A8: Date | B8: Stock Name | C8: Type | D8: Quantity | E8: Price | F8: Brokerage/STT | G8: Total Amount
A9: =IFERROR(FILTER(Transactions!A:G,Transactions!B:B=B1,"No transactions found"),"")
